JvmtiExport can_access_local_variables 0
JvmtiExport can_hotswap_or_post_breakpoint 0
JvmtiExport can_post_on_exceptions 0
# 456 ciObject found
ciMethod java/lang/Object <init> ()V 4097 1 7167742 0 0
ciMethod java/lang/Object notifyAll ()V 2049 1 256 0 -1
ciMethod java/lang/Comparable compareTo (Ljava/lang/Object;)I 0 0 1 0 -1
ciMethod java/lang/String <init> ([CII)V 2129 1 12645 0 -1
ciMethod java/lang/String length ()I 3449 1 60488 0 -1
ciMethod java/lang/String indexOf (I)I 2105 1 35079 0 -1
ciMethod java/lang/System nanoTime ()J 2049 1 256 0 -1
ciMethod java/lang/Throwable getCause ()Ljava/lang/Throwable; 0 0 1 0 -1
ciMethod java/lang/Runnable run ()V 0 0 1 0 -1
ciMethod java/lang/Thread currentThread ()Ljava/lang/Thread; 2073 1 259 0 -1
ciMethod java/lang/Thread yield ()V 9 1 1 0 -1
ciMethod java/lang/Thread start ()V 33 1 4 0 -1
ciMethod java/lang/Thread interrupt ()V 0 0 1 0 -1
ciMethod java/lang/Thread interrupted ()Z 2089 1 8740 0 96
ciMethod java/lang/Thread isInterrupted (Z)Z 3081 1 385 0 -1
ciMethod java/lang/Thread isAlive ()Z 33 1 4 0 -1
ciMethod java/lang/AbstractStringBuilder <init> (I)V 345 1 125423 0 -1
ciMethod java/lang/AbstractStringBuilder append (Ljava/lang/String;)Ljava/lang/AbstractStringBuilder; 473 1 5217 0 -1
ciMethod java/lang/StringBuilder <init> ()V 345 1 99389 0 0
ciMethod java/lang/StringBuilder append (Ljava/lang/String;)Ljava/lang/StringBuilder; 473 1 259586 0 928
ciMethod java/lang/StringBuilder toString ()Ljava/lang/String; 345 1 99399 0 0
ciMethod sun/misc/Unsafe putObject (Ljava/lang/Object;JLjava/lang/Object;)V 2049 1 256 0 -1
ciMethod sun/misc/Unsafe compareAndSwapObject (Ljava/lang/Object;JLjava/lang/Object;Ljava/lang/Object;)Z 2049 1 256 0 -1
ciMethod sun/misc/Unsafe compareAndSwapInt (Ljava/lang/Object;JII)Z 3073 1 384 0 -1
ciMethod sun/misc/Unsafe putOrderedInt (Ljava/lang/Object;JI)V 3073 1 384 0 -1
ciMethod sun/misc/Unsafe unpark (Ljava/lang/Object;)V 2057 1 257 0 -1
ciMethod sun/misc/Unsafe park (ZJ)V 2049 1 256 0 -1
ciMethod sun/misc/Unsafe getAndAddInt (Ljava/lang/Object;JI)I 4129 2081 516 0 -1
ciMethod java/lang/Boolean valueOf (Z)Ljava/lang/Boolean; 6201 1 3738 0 0
ciMethod java/lang/NullPointerException <init> ()V 0 0 1 0 -1
ciMethod java/util/Comparator compare (Ljava/lang/Object;Ljava/lang/Object;)I 0 0 1 0 -1
ciMethod java/io/OutputStream flush ()V 0 0 1 0 -1
ciMethod java/io/PrintStream ensureOpen ()V 0 0 1 0 -1
ciMethod java/io/PrintStream write (Ljava/lang/String;)V 0 0 1 0 -1
ciMethod java/io/PrintStream newLine ()V 0 0 1 0 -1
ciMethod java/io/PrintStream print (Ljava/lang/String;)V 0 0 1 0 -1
ciMethod java/io/PrintStream println (Ljava/lang/String;)V 0 0 1 0 0
ciMethod java/io/OutputStreamWriter flushBuffer ()V 0 0 1 0 -1
ciMethod java/io/Writer write (Ljava/lang/String;)V 0 0 1 0 -1
ciMethod java/io/Writer write (Ljava/lang/String;II)V 0 0 1 0 -1
ciMethod java/util/concurrent/atomic/AtomicInteger get ()I 1089 1 136 0 0
ciMethod java/util/concurrent/atomic/AtomicInteger getAndIncrement ()I 3113 1 1914 0 0
ciMethod java/util/concurrent/atomic/AtomicInteger incrementAndGet ()I 0 0 1 0 -1
ciMethod java/io/BufferedWriter flushBuffer ()V 0 0 1 0 -1
ciMethodData java/lang/Object <init> ()V 2 7167742 orig 264 168 161 74 108 0 0 0 0 128 4 45 23 0 0 0 0 32 1 0 0 0 0 0 0 0 0 0 0 0 0 0 0 0 0 0 0 0 0 0 0 0 0 0 0 0 0 0 0 0 0 0 0 0 0 0 0 0 0 0 0 0 0 0 0 0 0 0 0 0 0 0 0 0 0 0 0 0 0 0 0 77 68 79 32 101 120 116 114 97 32 100 97 116 97 32 108 111 99 107 0 0 0 0 0 0 0 0 0 0 0 0 0 0 0 0 0 0 0 0 0 0 0 0 0 0 0 0 0 0 0 0 0 0 0 0 0 0 0 0 0 0 0 0 0 0 0 0 0 0 0 0 0 0 0 0 0 0 0 0 0 0 0 0 0 0 0 0 0 0 0 0 0 0 0 0 0 0 0 0 0 0 0 0 0 1 0 0 0 0 0 0 0 1 0 0 0 0 0 0 0 1 0 0 0 0 0 0 0 0 0 0 0 0 0 0 0 0 2 0 0 241 231 106 3 1 0 0 0 0 0 0 0 0 0 0 0 2 0 0 0 0 0 3 0 1 0 0 0 0 0 0 0 255 255 255 255 0 0 0 0 0 0 0 0 data 0 oops 0
ciMethod java/util/concurrent/locks/ReentrantLock lock ()V 7257 1 4237 0 0
ciMethod java/util/concurrent/locks/ReentrantLock unlock ()V 2049 1 6942 0 0
ciMethod java/util/HashSet size ()I 17 1 2 0 -1
ciMethod java/util/HashSet add (Ljava/lang/Object;)Z 4097 1 53380 0 -1
ciMethod java/util/TreeMap get (Ljava/lang/Object;)Ljava/lang/Object; 3161 1 108664 0 288
ciMethod java/util/TreeMap getEntry (Ljava/lang/Object;)Ljava/util/TreeMap$Entry; 3817 3721 14954 0 -1
ciMethod java/util/TreeMap put (Ljava/lang/Object;Ljava/lang/Object;)Ljava/lang/Object; 4097 8137 23161 0 2272
ciMethod java/util/TreeMap compare (Ljava/lang/Object;Ljava/lang/Object;)I 1201 1 4732 0 -1
ciMethod java/util/TreeMap fixAfterInsertion (Ljava/util/TreeMap$Entry;)V 3113 2569 18427 0 -1
ciMethod java/util/TreeMap$Entry <init> (Ljava/lang/Object;Ljava/lang/Object;Ljava/util/TreeMap$Entry;)V 4097 1 23160 0 -1
ciMethod java/util/TreeMap$Entry setValue (Ljava/lang/Object;)Ljava/lang/Object; 0 0 1 0 -1
ciMethodData java/lang/String length ()I 2 60488 orig 264 168 161 74 108 0 0 0 0 24 60 45 23 0 0 0 0 32 1 0 0 0 0 0 0 0 0 0 0 0 0 0 0 0 0 0 0 0 0 0 0 0 0 0 0 0 0 0 0 0 0 0 0 0 0 0 0 0 0 0 0 0 0 0 0 0 0 0 0 0 0 0 0 0 0 0 0 0 0 0 0 77 68 79 32 101 120 116 114 97 32 100 97 116 97 32 108 111 99 107 0 0 0 0 0 0 0 0 0 0 0 0 0 0 0 0 0 0 0 0 0 0 0 0 0 0 0 0 0 0 0 0 0 0 0 0 0 0 0 0 0 0 0 0 0 0 0 0 0 0 0 0 0 0 0 0 0 0 0 0 0 0 0 0 0 0 0 0 0 0 0 0 0 0 0 0 0 0 0 0 0 0 0 0 0 1 0 0 0 0 0 0 0 0 0 0 0 0 0 0 0 1 0 0 0 0 0 0 0 0 0 0 0 0 0 0 0 173 1 0 0 201 84 7 0 1 0 0 0 0 0 0 0 0 0 0 0 2 0 0 0 0 0 3 0 1 0 0 0 0 0 0 0 255 255 255 255 0 0 0 0 0 0 0 0 data 0 oops 0
ciMethod java/util/concurrent/Callable call ()Ljava/lang/Object; 0 0 1 0 -1
ciMethod java/util/concurrent/RejectedExecutionHandler rejectedExecution (Ljava/lang/Runnable;Ljava/util/concurrent/ThreadPoolExecutor;)V 0 0 1 0 -1
ciMethod java/util/concurrent/BlockingQueue offer (Ljava/lang/Object;)Z 0 0 1 0 -1
ciMethod java/util/concurrent/BlockingQueue isEmpty ()Z 0 0 1 0 -1
ciMethod java/util/concurrent/Executor execute (Ljava/lang/Runnable;)V 0 0 1 0 -1
ciMethod java/io/IOException <init> (Ljava/lang/String;)V 0 0 1 0 -1
ciMethod java/util/concurrent/ThreadPoolExecutor runStateOf (I)I 4673 1 5486 0 0
ciMethod java/util/concurrent/ThreadPoolExecutor workerCountOf (I)I 2049 1 14695 0 0
ciMethod java/util/concurrent/ThreadPoolExecutor isRunning (I)Z 2049 1 10507 0 0
ciMethod java/util/concurrent/ThreadPoolExecutor compareAndIncrementWorkerCount (I)Z 17 1 2 0 -1
ciMethod java/util/concurrent/ThreadPoolExecutor reject (Ljava/lang/Runnable;)V 537 1 1508 0 0
ciMethod java/util/concurrent/ThreadPoolExecutor addWorker (Ljava/lang/Runnable;Z)Z 16385 1 3057 0 0
ciMethod java/util/concurrent/ThreadPoolExecutor addWorkerFailed (Ljava/util/concurrent/ThreadPoolExecutor$Worker;)V 0 0 1 0 -1
ciMethod java/util/concurrent/ThreadPoolExecutor execute (Ljava/lang/Runnable;)V 49193 1 11271 0 0
ciMethod java/util/concurrent/ThreadPoolExecutor isShutdown ()Z 2049 1 1269 0 0
ciMethod java/util/concurrent/ThreadPoolExecutor remove (Ljava/lang/Runnable;)Z 0 0 1 0 -1
ciMethod java/util/concurrent/AbstractExecutorService newTaskFor (Ljava/util/concurrent/Callable;)Ljava/util/concurrent/RunnableFuture; 2041 1 5380 0 0
ciMethod java/util/concurrent/AbstractExecutorService submit (Ljava/util/concurrent/Callable;)Ljava/util/concurrent/Future; 49177 1 11271 0 -1
ciMethod java/util/concurrent/LinkedBlockingQueue signalNotEmpty ()V 1089 1 416 0 0
ciMethod java/util/concurrent/LinkedBlockingQueue enqueue (Ljava/util/concurrent/LinkedBlockingQueue$Node;)V 3073 1 1909 0 0
ciMethod java/util/concurrent/LinkedBlockingQueue offer (Ljava/lang/Object;)Z 32873 1 5634 0 0
ciMethod java/util/concurrent/locks/ReentrantLock$NonfairSync lock ()V 32793 1 7040 0 0
ciMethod java/util/concurrent/locks/ReentrantLock$NonfairSync tryAcquire (I)Z 32801 1 6462 0 0
ciMethod java/util/concurrent/locks/ReentrantLock$Sync lock ()V 0 0 1 0 -1
ciMethod java/util/concurrent/locks/ReentrantLock$Sync nonfairTryAcquire (I)Z 32793 1 6462 0 0
ciMethod java/util/concurrent/locks/ReentrantLock$Sync tryRelease (I)Z 2049 1 11879 0 128
ciMethod java/util/concurrent/locks/ReentrantLock$Sync isHeldExclusively ()Z 65545 1 13313 0 96
ciMethod java/util/concurrent/locks/AbstractQueuedSynchronizer getState ()I 1073 1 134 0 0
ciMethod java/util/concurrent/locks/AbstractQueuedSynchronizer setState (I)V 3809 1 16261 0 0
ciMethod java/util/concurrent/locks/AbstractQueuedSynchronizer compareAndSetState (II)Z 3073 1 13066 0 0
ciMethod java/util/concurrent/locks/AbstractQueuedSynchronizer enq (Ljava/util/concurrent/locks/AbstractQueuedSynchronizer$Node;)Ljava/util/concurrent/locks/AbstractQueuedSynchronizer$Node; 10289 17 1405 0 -1
ciMethod java/util/concurrent/locks/AbstractQueuedSynchronizer addWaiter (Ljava/util/concurrent/locks/AbstractQueuedSynchronizer$Node;)Ljava/util/concurrent/locks/AbstractQueuedSynchronizer$Node; 9 1 51 0 0
ciMethod java/util/concurrent/locks/AbstractQueuedSynchronizer setHead (Ljava/util/concurrent/locks/AbstractQueuedSynchronizer$Node;)V 2553 1 319 0 -1
ciMethod java/util/concurrent/locks/AbstractQueuedSynchronizer unparkSuccessor (Ljava/util/concurrent/locks/AbstractQueuedSynchronizer$Node;)V 6617 1 1085 0 0
ciMethod java/util/concurrent/locks/AbstractQueuedSynchronizer cancelAcquire (Ljava/util/concurrent/locks/AbstractQueuedSynchronizer$Node;)V 0 0 1 0 -1
ciMethod java/util/concurrent/locks/AbstractQueuedSynchronizer shouldParkAfterFailedAcquire (Ljava/util/concurrent/locks/AbstractQueuedSynchronizer$Node;Ljava/util/concurrent/locks/AbstractQueuedSynchronizer$Node;)Z 241 1 84 0 -1
ciMethod java/util/concurrent/locks/AbstractQueuedSynchronizer selfInterrupt ()V 0 0 1 0 0
ciMethod java/util/concurrent/locks/AbstractQueuedSynchronizer parkAndCheckInterrupt ()Z 121 1 22 0 -1
ciMethod java/util/concurrent/locks/AbstractQueuedSynchronizer acquireQueued (Ljava/util/concurrent/locks/AbstractQueuedSynchronizer$Node;I)Z 9425 337 1424 0 0
ciMethod java/util/concurrent/locks/AbstractQueuedSynchronizer tryAcquire (I)Z 0 0 1 0 -1
ciMethod java/util/concurrent/locks/AbstractQueuedSynchronizer tryRelease (I)Z 0 0 1 0 -1
ciMethod java/util/concurrent/locks/AbstractQueuedSynchronizer isHeldExclusively ()Z 0 0 1 0 -1
ciMethod java/util/concurrent/locks/AbstractQueuedSynchronizer acquire (I)V 5137 1 6252 0 0
ciMethod java/util/concurrent/locks/AbstractQueuedSynchronizer release (I)Z 82601 1 18359 0 256
ciMethod java/util/concurrent/locks/AbstractQueuedSynchronizer hasQueuedPredecessors ()Z 49169 1 8834 0 0
ciMethod java/util/concurrent/locks/AbstractQueuedSynchronizer transferForSignal (Ljava/util/concurrent/locks/AbstractQueuedSynchronizer$Node;)Z 11313 1 1406 0 0
ciMethod java/util/concurrent/locks/AbstractQueuedSynchronizer compareAndSetHead (Ljava/util/concurrent/locks/AbstractQueuedSynchronizer$Node;)Z 17 1 2 0 -1
ciMethod java/util/concurrent/locks/AbstractQueuedSynchronizer compareAndSetTail (Ljava/util/concurrent/locks/AbstractQueuedSynchronizer$Node;Ljava/util/concurrent/locks/AbstractQueuedSynchronizer$Node;)Z 3505 1 437 0 -1
ciMethod java/util/concurrent/locks/AbstractQueuedSynchronizer compareAndSetWaitStatus (Ljava/util/concurrent/locks/AbstractQueuedSynchronizer$Node;II)Z 6785 1 848 0 0
ciMethod java/util/concurrent/locks/AbstractOwnableSynchronizer setExclusiveOwnerThread (Ljava/lang/Thread;)V 4097 1 29327 0 0
ciMethod java/util/concurrent/locks/AbstractOwnableSynchronizer getExclusiveOwnerThread ()Ljava/lang/Thread; 1633 1 204 0 0
ciMethod java/util/concurrent/locks/AbstractQueuedSynchronizer$Node predecessor ()Ljava/util/concurrent/locks/AbstractQueuedSynchronizer$Node; 2897 1 362 0 -1
ciMethod java/util/concurrent/locks/AbstractQueuedSynchronizer$Node <init> ()V 25 1 3 0 -1
ciMethod java/util/concurrent/locks/AbstractQueuedSynchronizer$Node <init> (Ljava/lang/Thread;Ljava/util/concurrent/locks/AbstractQueuedSynchronizer$Node;)V 417 1 51 0 -1
ciMethod java/util/concurrent/locks/Condition signal ()V 0 0 1 0 -1
ciMethod java/util/concurrent/locks/AbstractQueuedSynchronizer$ConditionObject doSignal (Ljava/util/concurrent/locks/AbstractQueuedSynchronizer$Node;)V 9249 1 1406 0 0
ciMethod java/util/concurrent/locks/AbstractQueuedSynchronizer$ConditionObject signal ()V 22017 1 6356 0 0
ciMethod java/util/concurrent/LinkedBlockingQueue$Node <init> (Ljava/lang/Object;)V 3089 1 1911 0 0
ciMethod java/util/concurrent/ArrayBlockingQueue checkNotNull (Ljava/lang/Object;)V 3081 1 1910 0 0
ciMethod java/util/concurrent/ArrayBlockingQueue enqueue (Ljava/lang/Object;)V 16385 1 2580 0 0
ciMethod java/util/concurrent/ArrayBlockingQueue offer (Ljava/lang/Object;)Z 32881 1 5635 0 0
ciMethod java/util/concurrent/locks/ReentrantLock$FairSync lock ()V 32881 1 5635 0 0
ciMethod java/util/concurrent/locks/ReentrantLock$FairSync tryAcquire (I)Z 49161 1 8853 0 0
ciMethod java/util/concurrent/ThreadPoolExecutor$CallerRunsPolicy rejectedExecution (Ljava/lang/Runnable;Ljava/util/concurrent/ThreadPoolExecutor;)V 16385 1 3061 0 0
ciMethod java/util/concurrent/Future get ()Ljava/lang/Object; 0 0 1 0 -1
ciMethod java/util/concurrent/FutureTask report (I)Ljava/lang/Object; 32801 1 5652 0 0
ciMethod java/util/concurrent/FutureTask <init> (Ljava/util/concurrent/Callable;)V 2041 1 5380 0 0
ciMethod java/util/concurrent/FutureTask get ()Ljava/lang/Object; 3065 1 1804 0 0
ciMethod java/util/concurrent/FutureTask done ()V 3113 1 5523 0 0
ciMethod java/util/concurrent/FutureTask set (Ljava/lang/Object;)V 49153 1 11305 0 0
ciMethod java/util/concurrent/FutureTask setException (Ljava/lang/Throwable;)V 0 0 1 0 0
ciMethod java/util/concurrent/FutureTask run ()V 49177 1 11248 0 0
ciMethod java/util/concurrent/FutureTask handlePossibleCancellationInterrupt (I)V 1 1 1 0 0
ciMethod java/util/concurrent/FutureTask finishCompletion ()V 49193 9257 11285 0 192
ciMethod java/util/concurrent/FutureTask awaitDone (ZJ)I 16401 49153 2194 0 0
ciMethod java/util/concurrent/FutureTask removeWaiter (Ljava/util/concurrent/FutureTask$WaitNode;)V 0 0 1 0 0
ciMethod java/util/concurrent/FutureTask$WaitNode <init> ()V 2329 1 306 0 0
ciMethod java/util/concurrent/ThreadPoolExecutor$Worker <init> (Ljava/util/concurrent/ThreadPoolExecutor;Ljava/lang/Runnable;)V 17 1 2 0 -1
ciMethod java/util/concurrent/locks/LockSupport setBlocker (Ljava/lang/Thread;Ljava/lang/Object;)V 4089 1 543 0 0
ciMethod java/util/concurrent/locks/LockSupport unpark (Ljava/lang/Thread;)V 1921 1 1321 0 0
ciMethod java/util/concurrent/locks/LockSupport park (Ljava/lang/Object;)V 4729 1 606 0 0
ciMethod java/util/concurrent/locks/LockSupport parkNanos (Ljava/lang/Object;J)V 0 0 1 0 -1
ciMethodData java/lang/Thread interrupted ()Z 2 8740 orig 264 168 161 74 108 0 0 0 0 0 217 47 23 0 0 0 0 96 1 0 0 0 0 0 0 0 0 0 0 0 0 0 0 0 0 0 0 0 0 0 0 0 0 0 0 0 0 0 0 0 0 0 0 0 0 0 0 0 0 0 0 0 0 0 0 0 0 0 0 0 0 0 0 0 0 0 0 0 0 0 0 77 68 79 32 101 120 116 114 97 32 100 97 116 97 32 108 111 99 107 0 0 0 0 0 0 0 0 0 0 0 0 0 0 0 0 0 0 0 0 0 0 0 0 0 0 0 0 0 0 0 0 0 0 0 0 0 0 0 0 0 0 0 0 0 0 0 0 0 0 0 0 0 0 0 0 0 0 0 0 0 0 0 0 0 0 0 0 0 0 0 0 0 0 0 0 0 0 0 0 0 0 0 0 0 0 0 0 0 0 0 0 0 0 0 0 0 0 0 0 0 0 0 0 0 0 0 0 0 0 0 0 0 0 0 0 0 5 1 0 0 249 8 1 0 1 0 0 0 0 0 0 0 0 0 0 0 2 0 0 0 0 0 3 0 2 0 0 0 32 0 0 0 255 255 255 255 2 0 0 0 0 0 0 0 data 4 0x2 0x2119 0x40002 0x2122 oops 0
ciMethodData java/util/TreeMap get (Ljava/lang/Object;)Ljava/lang/Object; 2 108667 orig 264 168 161 74 108 0 0 0 0 232 115 74 23 0 0 0 0 184 1 0 0 0 0 0 0 0 0 0 0 0 0 0 0 0 0 0 0 0 0 0 0 0 0 0 0 0 0 0 0 0 0 0 0 0 0 0 0 0 0 0 0 0 0 0 0 0 0 0 0 0 0 0 0 0 0 0 0 0 0 0 0 77 68 79 32 101 120 116 114 97 32 100 97 116 97 32 108 111 99 107 0 0 0 0 0 0 0 0 0 0 0 0 0 0 0 0 0 0 0 0 0 0 0 0 0 0 0 0 0 0 0 0 0 0 0 0 0 0 0 0 0 0 0 0 0 0 0 0 0 0 0 0 0 0 0 0 0 0 0 0 0 0 0 0 0 0 0 0 0 0 0 0 0 0 0 0 0 0 0 0 0 0 0 0 0 17 0 0 0 0 0 0 0 0 0 0 0 0 0 0 0 1 0 0 0 0 0 0 0 0 0 0 0 0 0 0 0 139 1 0 0 129 55 13 0 1 0 0 0 236 161 0 0 0 0 0 0 2 0 0 0 0 0 6 0 2 0 0 0 104 0 0 0 255 255 255 255 5 0 2 0 0 0 0 0 data 13 0x20005 0x1 0x1b2753f0 0x1a6f5 0x0 0x0 0x70007 0xed81 0x38 0xb972 0xb0003 0xb977 0x18 oops 1 2 java/util/TreeMap
ciMethodData java/util/TreeMap put (Ljava/lang/Object;Ljava/lang/Object;)Ljava/lang/Object; 2 229630 orig 264 168 161 74 108 0 0 0 0 144 126 74 23 0 0 0 0 136 4 0 0 8 3 0 0 0 0 0 0 0 0 0 0 0 0 0 0 0 0 0 0 0 0 0 0 0 0 0 0 0 0 0 0 0 0 0 0 0 0 0 0 0 0 0 0 0 0 0 0 0 0 0 0 0 0 0 0 0 0 0 0 77 68 79 32 101 120 116 114 97 32 100 97 116 97 32 108 111 99 107 0 0 0 0 0 0 0 0 0 0 0 0 0 0 0 0 0 0 0 0 0 0 0 0 0 0 0 0 0 0 0 0 0 0 0 0 0 0 0 0 0 0 0 0 0 0 0 0 0 0 0 0 0 0 0 0 0 0 0 0 0 0 0 0 0 0 0 0 0 0 0 0 0 0 0 0 0 0 0 0 0 0 0 0 0 0 0 0 0 0 0 0 0 0 0 0 0 0 0 0 0 0 0 0 0 0 0 0 0 0 0 0 0 0 0 0 0 249 3 0 0 201 195 2 0 41 232 27 0 0 0 0 0 0 0 0 0 2 0 0 0 2 0 33 0 2 0 0 0 48 3 0 0 255 255 255 255 7 0 6 0 0 0 0 0 data 102 0x60007 0x4690 0x60 0x11ea 0xc0005 0x4 0x1b2753f0 0x11e5 0x0 0x0 0x180002 0x11ea 0x370007 0x4690 0x128 0x0 0x440005 0x0 0x0 0x0 0x0 0x0 0x4d0007 0x0 0x38 0x0 0x550003 0x0 0x80 0x5a0007 0x0 0x38 0x0 0x620003 0x0 0x48 0x670005 0x0 0x0 0x0 0x0 0x0 0x6c0007 0x0 0xffffffffffffff30 0x0 0x6f0003 0x0 0x168 0x730007 0x468f 0x30 0x0 0x7a0002 0x0 0x7f0004 0x0 0x1d608ee0 0x24a2 0x19fe1430 0x2c9 0x8d0005 0x13609 0x1d608ee0 0x232e1 0x19fe1430 0x1449 0x960007 0x25ea4 0x38 0x11e89 0x9e0003 0x11e8a 0x80 0xa30007 0x0 0x38 0x25ea6 0xab0003 0x25ea4 0x48 0xb00005 0x0 0x0 0x0 0x0 0x0 0xb50007 0x33695 0xffffffffffffff30 0x4690 0xc00002 0x4690 0xc70007 0x282b 0x38 0x1e64 0xd10003 0x1e64 0x18 0xde0002 0x4690 oops 5 6 java/util/TreeMap 57 com/android/dx/rop/cst/CstMethodRef 59 com/android/dx/rop/cst/CstString 63 com/android/dx/rop/cst/CstMethodRef 65 com/android/dx/rop/cst/CstString
ciMethodData java/util/concurrent/locks/AbstractOwnableSynchronizer setExclusiveOwnerThread (Ljava/lang/Thread;)V 2 29332 orig 264 168 161 74 108 0 0 0 0 240 151 85 23 0 0 0 0 40 1 0 0 0 0 0 0 0 0 0 0 0 0 0 0 0 0 0 0 0 0 0 0 0 0 0 0 0 0 0 0 0 0 0 0 0 0 0 0 0 0 0 0 0 0 0 0 0 0 0 0 0 0 0 0 0 0 0 0 0 0 0 0 77 68 79 32 101 120 116 114 97 32 100 97 116 97 32 108 111 99 107 0 0 0 0 0 0 0 0 0 0 0 0 0 0 0 0 0 0 0 0 0 0 0 0 0 0 0 0 0 0 0 0 0 0 0 0 0 0 0 0 0 0 0 0 0 0 0 0 0 0 0 0 0 0 0 0 0 0 0 0 0 0 0 0 0 0 0 0 0 0 0 0 0 0 0 0 0 0 0 0 0 0 0 0 0 0 0 0 0 0 0 0 0 0 0 0 0 0 0 0 0 0 0 0 0 0 0 0 0 0 0 0 0 0 0 0 0 0 2 0 0 161 132 3 0 1 0 0 0 0 0 0 0 0 0 0 0 2 0 0 0 0 0 3 0 1 0 0 0 0 0 0 0 255 255 255 255 0 0 0 0 0 0 0 0 data 0 oops 0
ciMethodData java/util/concurrent/ThreadPoolExecutor workerCountOf (I)I 2 14695 orig 264 168 161 74 108 0 0 0 0 192 73 84 23 0 0 0 0 32 1 0 0 0 0 0 0 0 0 0 0 0 0 0 0 0 0 0 0 0 0 0 0 0 0 0 0 0 0 0 0 0 0 0 0 0 0 0 0 0 0 0 0 0 0 0 0 0 0 0 0 0 0 0 0 0 0 0 0 0 0 0 0 77 68 79 32 101 120 116 114 97 32 100 97 116 97 32 108 111 99 107 0 0 0 0 0 0 0 0 0 0 0 0 0 0 0 0 0 0 0 0 0 0 0 0 0 0 0 0 0 0 0 0 0 0 0 0 0 0 0 0 0 0 0 0 0 0 0 0 0 0 0 0 0 0 0 0 0 0 0 0 0 0 0 0 0 0 0 0 0 0 0 0 0 0 0 0 0 0 0 0 0 0 0 0 0 0 0 0 0 0 0 0 0 0 0 0 0 0 0 0 0 0 0 0 0 0 0 0 0 0 0 0 0 0 0 0 0 0 1 0 0 57 195 1 0 1 0 0 0 0 0 0 0 0 0 0 0 2 0 0 0 0 0 3 0 1 0 0 0 0 0 0 0 255 255 255 255 0 0 0 0 0 0 0 0 data 0 oops 0
ciMethodData java/io/PrintStream println (Ljava/lang/String;)V 1 0 orig 264 168 161 74 108 0 0 0 0 72 137 62 23 0 0 0 0 168 1 0 0 0 0 0 0 0 0 0 0 0 0 0 0 0 0 0 0 0 0 0 0 0 0 0 0 0 0 0 0 0 0 0 0 0 0 0 0 0 0 0 0 0 0 0 0 0 0 0 0 0 0 0 0 0 0 0 0 0 0 0 0 77 68 79 32 101 120 116 114 97 32 100 97 116 97 32 108 111 99 107 0 0 0 0 0 0 0 0 0 0 0 0 0 0 0 0 0 0 0 0 0 0 0 0 0 0 0 0 0 0 0 0 0 0 0 0 0 0 0 0 0 0 0 0 0 0 0 0 0 0 0 0 0 0 0 0 0 0 0 0 0 0 0 0 0 0 0 0 0 0 0 0 0 0 0 0 0 0 0 0 0 0 0 0 0 0 0 0 0 0 0 0 0 0 0 0 0 0 0 0 0 0 0 0 0 0 0 0 0 0 0 0 0 0 0 0 0 0 0 0 0 1 0 0 0 1 0 0 0 0 0 0 0 0 0 0 0 2 0 0 0 0 0 0 0 0 0 0 0 88 0 0 0 255 255 255 255 5 0 6 0 0 0 0 0 data 11 0x60005 0x0 0x0 0x0 0x0 0x0 0xa0002 0x0 0xf0003 0x0 0x18 oops 0
ciMethodData java/io/PrintStream print (Ljava/lang/String;)V 1 0 orig 264 168 161 74 108 0 0 0 0 24 130 62 23 0 0 0 0 88 1 0 0 0 0 0 0 0 0 0 0 0 0 0 0 0 0 0 0 0 0 0 0 0 0 0 0 0 0 0 0 0 0 0 0 0 0 0 0 0 0 0 0 0 0 0 0 0 0 0 0 0 0 0 0 0 0 0 0 0 0 0 0 77 68 79 32 101 120 116 114 97 32 100 97 116 97 32 108 111 99 107 0 0 0 0 0 0 0 0 0 0 0 0 0 0 0 0 0 0 0 0 0 0 0 0 0 0 0 0 0 0 0 0 0 0 0 0 0 0 0 0 0 0 0 0 0 0 0 0 0 0 0 0 0 0 0 0 0 0 0 0 0 0 0 0 0 0 0 0 0 0 0 0 0 0 0 0 0 0 0 0 0 0 0 0 0 0 0 0 0 0 0 0 0 0 0 0 0 0 0 0 0 0 0 0 0 0 0 0 0 0 0 0 0 0 0 0 0 0 0 0 0 1 0 0 0 1 0 0 0 0 0 0 0 0 0 0 0 2 0 0 0 0 0 0 0 0 0 0 0 48 0 0 0 255 255 255 255 7 0 1 0 0 0 0 0 data 6 0x10007 0x0 0x20 0x0 0x90002 0x0 oops 0
ciMethodData java/io/PrintStream write (Ljava/lang/String;)V 1 0 orig 264 168 161 74 108 0 0 0 0 56 124 62 23 0 0 0 0 24 3 0 0 88 1 0 0 0 0 0 0 0 0 0 0 0 0 0 0 0 0 0 0 0 0 0 0 0 0 0 0 0 0 0 0 0 0 0 0 0 0 0 0 0 0 0 0 0 0 0 0 0 0 0 0 0 0 0 0 0 0 0 0 77 68 79 32 101 120 116 114 97 32 100 97 116 97 32 108 111 99 107 0 0 0 0 0 0 0 0 0 0 0 0 0 0 0 0 0 0 0 0 0 0 0 0 0 0 0 0 0 0 0 0 0 0 0 0 0 0 0 0 0 0 0 0 0 0 0 0 0 0 0 0 0 0 0 0 0 0 0 0 0 0 0 0 0 0 0 0 0 0 0 0 0 0 0 0 0 0 0 0 0 0 0 0 0 0 0 0 0 0 0 0 0 0 0 0 0 0 0 0 0 0 0 0 0 0 0 0 0 0 0 0 0 0 0 0 0 0 0 0 0 1 0 0 0 1 0 0 0 0 0 0 0 0 0 0 0 2 0 0 0 0 0 0 0 0 0 0 0 200 1 0 0 255 255 255 255 2 0 5 0 0 0 0 0 data 57 0x50002 0x0 0xd0005 0x0 0x0 0x0 0x0 0x0 0x140005 0x0 0x0 0x0 0x0 0x0 0x1b0005 0x0 0x0 0x0 0x0 0x0 0x220007 0x0 0xa0 0x0 0x280005 0x0 0x0 0x0 0x0 0x0 0x2b0007 0x0 0x50 0x0 0x320005 0x0 0x0 0x0 0x0 0x0 0x370003 0x0 0x18 0x3f0003 0x0 0x70 0x430002 0x0 0x460005 0x0 0x0 0x0 0x0 0x0 0x490003 0x0 0x18 oops 0
ciMethodData java/util/concurrent/locks/ReentrantLock$Sync tryRelease (I)Z 2 11879 orig 264 168 161 74 108 0 0 0 0 120 83 85 23 0 0 0 0 112 2 0 0 192 0 0 0 0 0 0 0 0 0 0 0 0 0 0 0 0 0 0 0 0 0 0 0 0 0 0 0 0 0 0 0 0 0 0 0 0 0 0 0 0 0 0 0 0 0 0 0 0 0 0 0 0 0 0 0 0 0 0 0 77 68 79 32 101 120 116 114 97 32 100 97 116 97 32 108 111 99 107 0 0 0 0 0 0 0 0 0 0 0 0 0 0 0 0 0 0 0 0 0 0 0 0 0 0 0 0 0 0 0 0 0 0 0 0 0 0 0 0 0 0 0 0 0 0 0 0 0 0 0 0 0 0 0 0 0 0 0 0 0 0 0 0 0 0 0 0 0 0 0 0 0 0 0 0 0 0 0 0 0 0 0 0 0 0 0 0 0 0 0 0 0 0 0 0 0 0 0 0 0 0 0 0 0 0 0 0 0 0 0 0 0 0 0 0 0 0 1 0 0 57 107 1 0 1 0 0 0 0 0 0 0 0 0 0 0 2 0 0 0 0 0 8 0 2 0 0 0 32 1 0 0 255 255 255 255 5 0 1 0 0 0 0 0 data 36 0x10005 0x0 0x1aad5d10 0x1ba8 0x1aad5dc0 0x11c2 0x70002 0x2d69 0xb0005 0x0 0x1aad5d10 0x1ba8 0x1aad5dc0 0x11c2 0xe0007 0x2d69 0x30 0x0 0x150002 0x0 0x1c0007 0x0 0x50 0x2d6a 0x230005 0x0 0x1aad5d10 0x1ba8 0x1aad5dc0 0x11c2 0x280005 0x0 0x1aad5d10 0x1ba8 0x1aad5dc0 0x11c2 oops 8 2 java/util/concurrent/locks/ReentrantLock$NonfairSync 4 java/util/concurrent/locks/ReentrantLock$FairSync 10 java/util/concurrent/locks/ReentrantLock$NonfairSync 12 java/util/concurrent/locks/ReentrantLock$FairSync 26 java/util/concurrent/locks/ReentrantLock$NonfairSync 28 java/util/concurrent/locks/ReentrantLock$FairSync 32 java/util/concurrent/locks/ReentrantLock$NonfairSync 34 java/util/concurrent/locks/ReentrantLock$FairSync
ciMethodData java/util/concurrent/locks/AbstractQueuedSynchronizer setState (I)V 2 16262 orig 264 168 161 74 108 0 0 0 0 24 105 85 23 0 0 0 0 40 1 0 0 0 0 0 0 0 0 0 0 0 0 0 0 0 0 0 0 0 0 0 0 0 0 0 0 0 0 0 0 0 0 0 0 0 0 0 0 0 0 0 0 0 0 0 0 0 0 0 0 0 0 0 0 0 0 0 0 0 0 0 0 77 68 79 32 101 120 116 114 97 32 100 97 116 97 32 108 111 99 107 0 0 0 0 0 0 0 0 0 0 0 0 0 0 0 0 0 0 0 0 0 0 0 0 0 0 0 0 0 0 0 0 0 0 0 0 0 0 0 0 0 0 0 0 0 0 0 0 0 0 0 0 0 0 0 0 0 0 0 0 0 0 0 0 0 0 0 0 0 0 0 0 0 0 0 0 0 0 0 0 0 0 0 0 0 0 0 0 0 0 0 0 0 0 0 0 0 0 0 0 0 0 0 0 0 0 0 0 0 0 0 0 0 0 0 0 0 88 1 0 0 81 237 1 0 1 0 0 0 0 0 0 0 0 0 0 0 2 0 0 0 0 0 3 0 1 0 0 0 0 0 0 0 255 255 255 255 0 0 0 0 0 0 0 0 data 0 oops 0
ciMethodData java/util/concurrent/ThreadPoolExecutor isRunning (I)Z 2 10507 orig 264 168 161 74 108 0 0 0 0 32 76 84 23 0 0 0 0 88 1 0 0 0 0 0 0 0 0 0 0 0 0 0 0 0 0 0 0 0 0 0 0 0 0 0 0 0 0 0 0 0 0 0 0 0 0 0 0 0 0 0 0 0 0 0 0 0 0 0 0 0 0 0 0 0 0 0 0 0 0 0 0 77 68 79 32 101 120 116 114 97 32 100 97 116 97 32 108 111 99 107 0 0 0 0 0 0 0 0 0 0 0 0 0 0 0 0 0 0 0 0 0 0 0 0 0 0 0 0 0 0 0 0 0 0 0 0 0 0 0 0 0 0 0 0 0 0 0 0 0 0 0 0 0 0 0 0 0 0 0 0 0 0 0 0 0 0 0 0 0 0 0 0 0 0 0 0 0 0 0 0 0 0 0 0 0 0 0 0 0 0 0 0 0 0 0 0 0 0 0 0 0 0 0 0 0 0 0 0 0 0 0 0 0 0 0 0 0 0 1 0 0 89 64 1 0 1 0 0 0 0 0 0 0 0 0 0 0 2 0 0 0 0 0 6 0 2 0 0 0 56 0 0 0 255 255 255 255 7 0 1 0 0 0 0 0 data 7 0x10007 0x0 0x38 0x280b 0x50003 0x280b 0x18 oops 0
ciMethodData java/util/concurrent/locks/ReentrantLock unlock ()V 2 6957 orig 264 168 161 74 108 0 0 0 0 80 97 70 23 0 0 0 0 120 1 0 0 0 0 0 0 0 0 0 0 0 0 0 0 0 0 0 0 0 0 0 0 0 0 0 0 0 0 0 0 0 0 0 0 0 0 0 0 0 0 0 0 0 0 0 0 0 0 0 0 0 0 0 0 0 0 0 0 0 0 0 0 77 68 79 32 101 120 116 114 97 32 100 97 116 97 32 108 111 99 107 0 0 0 0 0 0 0 0 0 0 0 0 0 0 0 0 0 0 0 0 0 0 0 0 0 0 0 0 0 0 0 0 0 0 0 0 0 0 0 0 0 0 0 0 0 0 0 0 0 0 0 0 0 0 0 0 0 0 0 0 0 0 0 0 0 0 0 0 0 0 0 0 0 0 0 0 0 0 0 0 0 0 0 0 0 0 0 0 0 0 0 0 0 0 0 0 0 0 0 0 0 0 0 0 0 0 0 0 0 0 0 0 0 0 0 0 0 0 1 0 0 105 209 0 0 1 0 0 0 0 0 0 0 0 0 0 0 2 0 0 0 0 0 11 0 2 0 0 0 48 0 0 0 255 255 255 255 5 0 5 0 0 0 0 0 data 6 0x50005 0x1 0x1aad5dc0 0xa26 0x1aad5d10 0x1006 oops 2 2 java/util/concurrent/locks/ReentrantLock$FairSync 4 java/util/concurrent/locks/ReentrantLock$NonfairSync
ciMethodData java/util/concurrent/locks/AbstractQueuedSynchronizer release (I)Z 2 18359 orig 264 168 161 74 108 0 0 0 0 40 127 85 23 0 0 0 0 240 1 0 0 0 0 0 0 0 0 0 0 0 0 0 0 0 0 0 0 0 0 0 0 0 0 0 0 0 0 0 0 0 0 0 0 0 0 0 0 0 0 0 0 0 0 0 0 0 0 0 0 0 0 0 0 0 0 0 0 0 0 0 0 77 68 79 32 101 120 116 114 97 32 100 97 116 97 32 108 111 99 107 0 0 0 0 0 0 0 0 0 0 0 0 0 0 0 0 0 0 0 0 0 0 0 0 0 0 0 0 0 0 0 0 0 0 0 0 0 0 0 0 0 0 0 0 0 0 0 0 0 0 0 0 0 0 0 0 0 0 0 0 0 0 0 0 0 0 0 0 0 0 0 0 0 0 0 0 0 0 0 0 0 0 0 0 0 0 0 0 0 0 0 0 0 0 0 0 0 0 0 0 0 0 0 0 0 0 0 0 0 0 0 0 0 0 0 0 0 125 1 0 0 17 251 0 0 1 0 0 0 0 0 0 0 0 0 0 0 2 0 0 0 0 0 10 0 2 0 0 0 160 0 0 0 255 255 255 255 5 0 2 0 0 0 0 0 data 20 0x20005 0xa6 0x1aad5d10 0x8b3 0x1aad5dc0 0x5f0 0x50007 0x0 0x70 0x1f61 0xe0007 0x147f 0x50 0xae3 0x150007 0xa06 0x30 0xdd 0x1a0002 0xdd oops 2 2 java/util/concurrent/locks/ReentrantLock$NonfairSync 4 java/util/concurrent/locks/ReentrantLock$FairSync
ciMethodData java/util/concurrent/locks/AbstractQueuedSynchronizer unparkSuccessor (Ljava/util/concurrent/locks/AbstractQueuedSynchronizer$Node;)V 1 1085 orig 264 168 161 74 108 0 0 0 0 232 108 85 23 0 0 0 0 104 2 0 0 80 0 0 0 0 0 0 0 0 0 0 0 0 0 0 0 0 0 0 0 0 0 0 0 0 0 0 0 0 0 0 0 0 0 0 0 0 0 0 0 0 0 0 0 0 0 0 0 0 0 0 0 0 0 0 0 0 0 0 0 77 68 79 32 101 120 116 114 97 32 100 97 116 97 32 108 111 99 107 0 0 0 0 0 0 0 0 0 0 0 0 0 0 0 0 0 0 0 0 0 0 0 0 0 0 0 0 0 0 0 0 0 0 0 0 0 0 0 0 0 0 0 0 0 0 0 0 0 0 0 0 0 0 0 0 0 0 0 0 0 0 0 0 0 0 0 0 0 0 0 0 0 0 0 0 0 0 0 0 0 0 0 0 0 0 0 0 0 0 0 0 0 0 0 0 0 0 0 0 0 0 0 0 0 0 0 0 0 0 0 0 0 0 0 0 0 34 0 0 0 17 8 0 0 1 0 0 0 0 0 0 0 0 0 0 0 2 0 0 0 1 0 26 0 2 0 0 0 24 1 0 0 255 255 255 255 7 0 6 0 0 0 0 0 data 35 0x60007 0x0 0x30 0x102 0xc0002 0x102 0x160007 0x0 0x40 0x102 0x1d0007 0x102 0x98 0x0 0x2a0007 0x0 0x78 0x0 0x300007 0x0 0x58 0x0 0x380007 0x0 0x20 0x0 0x450003 0x0 0xffffffffffffffa0 0x490007 0x0 0x30 0x102 0x500002 0x102 oops 0
ciMethodData java/util/concurrent/locks/AbstractQueuedSynchronizer compareAndSetState (II)Z 2 13066 orig 264 168 161 74 108 0 0 0 0 184 105 85 23 0 0 0 0 136 1 0 0 0 0 0 0 0 0 0 0 0 0 0 0 0 0 0 0 0 0 0 0 0 0 0 0 0 0 0 0 0 0 0 0 0 0 0 0 0 0 0 0 0 0 0 0 0 0 0 0 0 0 0 0 0 0 0 0 0 0 0 0 77 68 79 32 101 120 116 114 97 32 100 97 116 97 32 108 111 99 107 0 0 0 0 0 0 0 0 0 0 0 0 0 0 0 0 0 0 0 0 0 0 0 0 0 0 0 0 0 0 0 0 0 0 0 0 0 0 0 0 0 0 0 0 0 0 0 0 0 0 0 0 0 0 0 0 0 0 0 0 0 0 0 0 0 0 0 0 0 0 0 0 0 0 0 0 0 0 0 0 0 0 0 0 0 0 0 0 0 0 0 0 0 0 0 0 0 0 0 0 0 0 0 0 0 0 0 0 0 0 0 0 0 0 0 0 0 128 1 0 0 81 140 1 0 1 0 0 0 0 0 0 0 0 0 0 0 2 0 0 0 0 0 3 0 1 0 0 0 48 0 0 0 255 255 255 255 5 0 9 0 0 0 0 0 data 6 0x90005 0x0 0x0 0x0 0x0 0x0 oops 0
ciMethodData java/util/concurrent/locks/AbstractQueuedSynchronizer$ConditionObject signal ()V 2 6356 orig 264 168 161 74 108 0 0 0 0 96 192 85 23 0 0 0 0 216 1 0 0 80 0 0 0 0 0 0 0 0 0 0 0 0 0 0 0 0 0 0 0 0 0 0 0 0 0 0 0 0 0 0 0 0 0 0 0 0 0 0 0 0 0 0 0 0 0 0 0 0 0 0 0 0 0 0 0 0 0 0 0 77 68 79 32 101 120 116 114 97 32 100 97 116 97 32 108 111 99 107 0 0 0 0 0 0 0 0 0 0 0 0 0 0 0 0 0 0 0 0 0 0 0 0 0 0 0 0 0 0 0 0 0 0 0 0 0 0 0 0 0 0 0 0 0 0 0 0 0 0 0 0 0 0 0 0 0 0 0 0 0 0 0 0 0 0 0 0 0 0 0 0 0 0 0 0 0 0 0 0 0 0 0 0 0 0 0 0 0 0 0 0 0 0 0 0 0 0 0 0 0 0 0 0 0 0 0 0 0 0 0 0 0 0 0 0 0 0 1 0 0 1 113 0 0 1 0 0 0 0 0 0 0 0 0 0 0 2 0 0 0 0 0 8 0 2 0 0 0 144 0 0 0 255 255 255 255 5 0 4 0 0 0 0 0 data 18 0x40005 0x0 0x1aad5d10 0xaef 0x1aad5dc0 0x331 0x70007 0xe20 0x30 0x0 0xe0002 0x0 0x180007 0xdc8 0x30 0x58 0x1d0002 0x58 oops 2 2 java/util/concurrent/locks/ReentrantLock$NonfairSync 4 java/util/concurrent/locks/ReentrantLock$FairSync
ciMethodData java/util/concurrent/locks/AbstractQueuedSynchronizer$ConditionObject doSignal (Ljava/util/concurrent/locks/AbstractQueuedSynchronizer$Node;)V 1 1406 orig 264 168 161 74 108 0 0 0 0 16 190 85 23 0 0 0 0 224 1 0 0 0 0 0 0 0 0 0 0 0 0 0 0 0 0 0 0 0 0 0 0 0 0 0 0 0 0 0 0 0 0 0 0 0 0 0 0 0 0 0 0 0 0 0 0 0 0 0 0 0 0 0 0 0 0 0 0 0 0 0 0 77 68 79 32 101 120 116 114 97 32 100 97 116 97 32 108 111 99 107 0 0 0 0 0 0 0 0 0 0 0 0 0 0 0 0 0 0 0 0 0 0 0 0 0 0 0 0 0 0 0 0 0 0 0 0 0 0 0 0 0 0 0 0 0 0 0 0 0 0 0 0 0 0 0 0 0 0 0 0 0 0 0 0 0 0 0 0 0 0 0 0 0 0 0 0 0 0 0 0 0 0 0 0 0 0 0 0 0 0 0 0 0 0 0 0 0 0 0 0 0 0 0 0 0 0 0 0 0 0 0 0 0 0 0 0 0 37 0 0 0 17 8 0 0 1 0 0 0 0 0 0 0 0 0 0 0 2 0 0 0 1 0 11 0 2 0 0 0 144 0 0 0 255 255 255 255 7 0 9 0 0 0 0 0 data 18 0x90007 0x0 0x20 0x102 0x1b0005 0x102 0x0 0x0 0x0 0x0 0x1e0007 0x102 0x40 0x0 0x270007 0x0 0xffffffffffffff90 0x0 oops 0
ciMethodData java/util/concurrent/locks/ReentrantLock$Sync isHeldExclusively ()Z 2 13313 orig 264 168 161 74 108 0 0 0 0 24 84 85 23 0 0 0 0 192 1 0 0 0 0 0 0 0 0 0 0 0 0 0 0 0 0 0 0 0 0 0 0 0 0 0 0 0 0 0 0 0 0 0 0 0 0 0 0 0 0 0 0 0 0 0 0 0 0 0 0 0 0 0 0 0 0 0 0 0 0 0 0 77 68 79 32 101 120 116 114 97 32 100 97 116 97 32 108 111 99 107 0 0 0 0 0 0 0 0 0 0 0 0 0 0 0 0 0 0 0 0 0 0 0 0 0 0 0 0 0 0 0 0 0 0 0 0 0 0 0 0 0 0 0 0 0 0 0 0 0 0 0 0 0 0 0 0 0 0 0 0 0 0 0 0 0 0 0 0 0 0 0 0 0 0 0 0 0 0 0 0 0 0 0 0 0 0 0 0 0 0 0 0 0 0 0 0 0 0 0 0 0 0 0 0 0 0 0 0 0 0 0 0 0 0 0 0 0 0 1 0 0 1 160 0 0 1 0 0 0 0 0 0 0 0 0 0 0 2 0 0 0 0 0 6 0 2 0 0 0 120 0 0 0 255 255 255 255 5 0 1 0 0 0 0 0 data 15 0x10005 0x0 0x1aad5dc0 0x6ba 0x1aad5d10 0xd46 0x40002 0x1400 0x70007 0x0 0x38 0x1400 0xb0003 0x13ff 0x18 oops 2 2 java/util/concurrent/locks/ReentrantLock$FairSync 4 java/util/concurrent/locks/ReentrantLock$NonfairSync
ciMethodData java/util/concurrent/locks/AbstractQueuedSynchronizer acquire (I)V 2 6252 orig 264 168 161 74 108 0 0 0 0 248 124 85 23 0 0 0 0 16 2 0 0 0 0 0 0 0 0 0 0 0 0 0 0 0 0 0 0 0 0 0 0 0 0 0 0 0 0 0 0 0 0 0 0 0 0 0 0 0 0 0 0 0 0 0 0 0 0 0 0 0 0 0 0 0 0 0 0 0 0 0 0 77 68 79 32 101 120 116 114 97 32 100 97 116 97 32 108 111 99 107 0 0 0 0 0 0 0 0 0 0 0 0 0 0 0 0 0 0 0 0 0 0 0 0 0 0 0 0 0 0 0 0 0 0 0 0 0 0 0 0 0 0 0 0 0 0 0 0 0 0 0 0 0 0 0 0 0 0 0 0 0 0 0 0 0 0 0 0 0 0 0 0 0 0 0 0 0 0 0 0 0 0 0 0 0 0 0 0 0 0 0 0 0 0 0 0 0 0 0 0 0 0 0 0 0 0 0 0 0 0 0 0 0 0 0 0 0 0 1 0 0 81 175 0 0 1 0 0 0 0 0 0 0 0 0 0 0 2 0 0 0 0 0 8 0 2 0 0 0 192 0 0 0 255 255 255 255 5 0 2 0 0 0 0 0 data 24 0x20005 0x0 0x1aad99d0 0xff3 0x1aad5dc0 0x5f6 0x50007 0x15ea 0x90 0x3 0xd0002 0x3 0x110005 0x0 0x1aad5dc0 0x3 0x0 0x0 0x140007 0x3 0x30 0x0 0x170002 0x0 oops 3 2 java/util/concurrent/ThreadPoolExecutor$Worker 4 java/util/concurrent/locks/ReentrantLock$FairSync 14 java/util/concurrent/locks/ReentrantLock$FairSync
ciMethodData java/util/concurrent/locks/AbstractQueuedSynchronizer addWaiter (Ljava/util/concurrent/locks/AbstractQueuedSynchronizer$Node;)Ljava/util/concurrent/locks/AbstractQueuedSynchronizer$Node; 1 52 orig 264 168 161 74 108 0 0 0 0 80 107 85 23 0 0 0 0 208 1 0 0 80 0 0 0 0 0 0 0 0 0 0 0 0 0 0 0 0 0 0 0 0 0 0 0 0 0 0 0 0 0 0 0 0 0 0 0 0 0 0 0 0 0 0 0 0 0 0 0 0 0 0 0 0 0 0 0 0 0 0 0 77 68 79 32 101 120 116 114 97 32 100 97 116 97 32 108 111 99 107 0 0 0 0 0 0 0 0 0 0 0 0 0 0 0 0 0 0 0 0 0 0 0 0 0 0 0 0 0 0 0 0 0 0 0 0 0 0 0 0 0 0 0 0 0 0 0 0 0 0 0 0 0 0 0 0 0 0 0 0 0 0 0 0 0 0 0 0 0 0 0 0 0 0 0 0 0 0 0 0 0 0 0 0 0 0 0 0 0 0 0 0 0 0 0 0 0 0 0 0 0 0 0 0 0 0 0 0 0 0 0 0 0 0 0 0 0 1 0 0 0 153 1 0 0 1 0 0 0 0 0 0 0 0 0 0 0 2 0 0 0 0 0 0 0 0 0 0 0 128 0 0 0 255 255 255 255 2 0 4 0 0 0 0 0 data 16 0x40002 0x33 0x80002 0x33 0x120007 0x0 0x50 0x33 0x1d0002 0x33 0x200007 0x0 0x20 0x33 0x2c0002 0x0 oops 0
ciMethodData java/util/concurrent/locks/AbstractQueuedSynchronizer acquireQueued (Ljava/util/concurrent/locks/AbstractQueuedSynchronizer$Node;I)Z 1 1430 orig 264 168 161 74 108 0 0 0 0 248 114 85 23 0 0 0 0 224 2 0 0 64 1 0 0 0 0 0 0 0 0 0 0 0 0 0 0 0 0 0 0 0 0 0 0 0 0 0 0 0 0 0 0 0 0 0 0 0 0 0 0 0 0 0 0 0 0 0 0 0 0 0 0 0 0 0 0 0 0 0 0 77 68 79 32 101 120 116 114 97 32 100 97 116 97 32 108 111 99 107 0 0 0 0 0 0 0 0 0 0 0 0 0 0 0 0 0 0 0 0 0 0 0 0 0 0 0 0 0 0 0 0 0 0 0 0 0 0 0 0 0 0 0 0 0 0 0 0 0 0 0 0 0 0 0 0 0 0 0 0 0 0 0 0 0 0 0 0 0 0 0 0 0 0 0 0 0 0 0 0 0 0 0 0 0 0 0 0 0 0 0 0 0 0 0 0 0 0 0 0 0 0 0 0 0 0 0 0 0 0 0 0 0 0 0 0 0 44 0 0 0 17 8 0 0 177 0 0 0 0 0 0 0 0 0 0 0 2 0 0 0 1 0 17 0 2 0 0 0 136 1 0 0 255 255 255 255 5 0 6 0 0 0 0 0 data 49 0x60005 0x11a 0x0 0x0 0x0 0x0 0x110007 0x14 0xb0 0x102 0x160005 0x0 0x1aad5d10 0x97 0x1aad5dc0 0x70 0x190007 0x2 0x60 0x103 0x1e0002 0x104 0x2e0007 0x103 0x30 0x0 0x330002 0x0 0x3c0002 0x16 0x3f0007 0xb 0x50 0xb 0x430002 0xb 0x460007 0xb 0x20 0x0 0x4c0003 0x16 0xfffffffffffffec0 0x520007 0x0 0x30 0x0 0x570002 0x0 oops 2 12 java/util/concurrent/locks/ReentrantLock$NonfairSync 14 java/util/concurrent/locks/ReentrantLock$FairSync
ciMethodData java/util/concurrent/locks/AbstractQueuedSynchronizer selfInterrupt ()V 1 0 orig 264 168 161 74 108 0 0 0 0 80 113 85 23 0 0 0 0 128 1 0 0 0 0 0 0 0 0 0 0 0 0 0 0 0 0 0 0 0 0 0 0 0 0 0 0 0 0 0 0 0 0 0 0 0 0 0 0 0 0 0 0 0 0 0 0 0 0 0 0 0 0 0 0 0 0 0 0 0 0 0 0 77 68 79 32 101 120 116 114 97 32 100 97 116 97 32 108 111 99 107 0 0 0 0 0 0 0 0 0 0 0 0 0 0 0 0 0 0 0 0 0 0 0 0 0 0 0 0 0 0 0 0 0 0 0 0 0 0 0 0 0 0 0 0 0 0 0 0 0 0 0 0 0 0 0 0 0 0 0 0 0 0 0 0 0 0 0 0 0 0 0 0 0 0 0 0 0 0 0 0 0 0 0 0 0 0 0 0 0 0 0 0 0 0 0 0 0 0 0 0 0 0 0 0 0 0 0 0 0 0 0 0 0 0 0 0 0 0 0 0 0 1 0 0 0 1 0 0 0 0 0 0 0 0 0 0 0 2 0 0 0 0 0 0 0 0 0 0 0 64 0 0 0 255 255 255 255 2 0 0 0 0 0 0 0 data 8 0x2 0x0 0x30005 0x0 0x0 0x0 0x0 0x0 oops 0
ciMethodData java/util/concurrent/locks/ReentrantLock lock ()V 2 4237 orig 264 168 161 74 108 0 0 0 0 224 94 70 23 0 0 0 0 120 1 0 0 0 0 0 0 0 0 0 0 0 0 0 0 0 0 0 0 0 0 0 0 0 0 0 0 0 0 0 0 0 0 0 0 0 0 0 0 0 0 0 0 0 0 0 0 0 0 0 0 0 0 0 0 0 0 0 0 0 0 0 0 77 68 79 32 101 120 116 114 97 32 100 97 116 97 32 108 111 99 107 0 0 0 0 0 0 0 0 0 0 0 0 0 0 0 0 0 0 0 0 0 0 0 0 0 0 0 0 0 0 0 0 0 0 0 0 0 0 0 0 0 0 0 0 0 0 0 0 0 0 0 0 0 0 0 0 0 0 0 0 0 0 0 0 0 0 0 0 0 0 0 0 0 0 0 0 0 0 0 0 0 0 0 0 0 0 0 0 0 0 0 0 0 0 0 0 0 0 0 0 0 0 0 0 0 0 0 0 0 0 0 0 0 0 0 0 0 0 1 0 0 17 104 0 0 1 0 0 0 0 0 0 0 0 0 0 0 2 0 0 0 0 0 3 0 2 0 0 0 48 0 0 0 255 255 255 255 5 0 4 0 0 0 0 0 data 6 0x40005 0x0 0x1aad5d10 0x70d 0x1aad5dc0 0x5f5 oops 2 2 java/util/concurrent/locks/ReentrantLock$NonfairSync 4 java/util/concurrent/locks/ReentrantLock$FairSync
ciMethodData java/lang/Boolean valueOf (Z)Ljava/lang/Boolean; 2 3749 orig 264 168 161 74 108 0 0 0 0 112 86 54 23 0 0 0 0 88 1 0 0 0 0 0 0 0 0 0 0 0 0 0 0 0 0 0 0 0 0 0 0 0 0 0 0 0 0 0 0 0 0 0 0 0 0 0 0 0 0 0 0 0 0 0 0 0 0 0 0 0 0 0 0 0 0 0 0 0 0 0 0 77 68 79 32 101 120 116 114 97 32 100 97 116 97 32 108 111 99 107 0 0 0 0 0 0 0 0 0 0 0 0 0 0 0 0 0 0 0 0 0 0 0 0 0 0 0 0 0 0 0 0 0 0 0 0 0 0 0 0 0 0 0 0 0 0 0 0 0 0 0 0 0 0 0 0 0 0 0 0 0 0 0 0 0 0 0 0 0 0 0 0 0 0 0 0 0 0 0 0 0 0 0 0 0 0 0 0 0 0 0 0 0 0 0 0 0 0 0 0 0 0 0 0 0 0 0 0 0 0 0 0 0 0 0 0 0 0 1 0 0 241 92 0 0 1 0 0 0 0 0 0 0 0 0 0 0 2 0 0 0 0 0 3 0 2 0 0 0 56 0 0 0 255 255 255 255 7 0 1 0 0 0 0 0 data 7 0x10007 0x0 0x38 0xb9e 0x70003 0xb9e 0x18 oops 0
ciMethodData java/util/concurrent/ThreadPoolExecutor runStateOf (I)I 2 5487 orig 264 168 161 74 108 0 0 0 0 40 73 84 23 0 0 0 0 32 1 0 0 0 0 0 0 0 0 0 0 0 0 0 0 0 0 0 0 0 0 0 0 0 0 0 0 0 0 0 0 0 0 0 0 0 0 0 0 0 0 0 0 0 0 0 0 0 0 0 0 0 0 0 0 0 0 0 0 0 0 0 0 77 68 79 32 101 120 116 114 97 32 100 97 116 97 32 108 111 99 107 0 0 0 0 0 0 0 0 0 0 0 0 0 0 0 0 0 0 0 0 0 0 0 0 0 0 0 0 0 0 0 0 0 0 0 0 0 0 0 0 0 0 0 0 0 0 0 0 0 0 0 0 0 0 0 0 0 0 0 0 0 0 0 0 0 0 0 0 0 0 0 0 0 0 0 0 0 0 0 0 0 0 0 0 0 0 0 0 0 0 0 0 0 0 0 0 0 0 0 0 0 0 0 0 0 0 0 0 0 0 0 0 0 0 0 0 0 0 1 0 0 57 153 0 0 1 0 0 0 0 0 0 0 0 0 0 0 2 0 0 0 0 0 3 0 1 0 0 0 0 0 0 0 255 255 255 255 0 0 0 0 0 0 0 0 data 0 oops 0
ciMethodData java/util/concurrent/AbstractExecutorService submit (Ljava/util/concurrent/Callable;)Ljava/util/concurrent/Future; 2 11271 orig 264 168 161 74 108 0 0 0 0 112 136 84 23 0 0 0 0 224 1 0 0 32 0 0 0 0 0 0 0 0 0 0 0 0 0 0 0 0 0 0 0 0 0 0 0 0 0 0 0 0 0 0 0 0 0 0 0 0 0 0 0 0 0 0 0 0 0 0 0 0 0 0 0 0 0 0 0 0 0 0 0 77 68 79 32 101 120 116 114 97 32 100 97 116 97 32 108 111 99 107 0 0 0 0 0 0 0 0 0 0 0 0 0 0 0 0 0 0 0 0 0 0 0 0 0 0 0 0 0 0 0 0 0 0 0 0 0 0 0 0 0 0 0 0 0 0 0 0 0 0 0 0 0 0 0 0 0 0 0 0 0 0 0 0 0 0 0 0 0 0 0 0 0 0 0 0 0 0 0 0 0 0 0 0 0 0 0 0 0 0 0 0 0 0 0 0 0 0 0 0 0 0 0 0 0 0 0 0 0 0 0 0 0 0 0 0 0 0 1 0 0 33 160 0 0 1 0 0 0 0 0 0 0 0 0 0 0 2 0 0 0 0 0 9 0 2 0 0 0 144 0 0 0 255 255 255 255 7 0 1 0 0 0 0 0 data 18 0x10007 0x1404 0x30 0x0 0x80002 0x0 0xe0005 0x0 0x1da1ae40 0x1404 0x0 0x0 0x140005 0x0 0x1da1ae40 0x1404 0x0 0x0 oops 2 8 java/util/concurrent/ThreadPoolExecutor 14 java/util/concurrent/ThreadPoolExecutor
ciMethodData java/util/concurrent/AbstractExecutorService newTaskFor (Ljava/util/concurrent/Callable;)Ljava/util/concurrent/RunnableFuture; 2 5380 orig 264 168 161 74 108 0 0 0 0 96 134 84 23 0 0 0 0 56 1 0 0 0 0 0 0 0 0 0 0 0 0 0 0 0 0 0 0 0 0 0 0 0 0 0 0 0 0 0 0 0 0 0 0 0 0 0 0 0 0 0 0 0 0 0 0 0 0 0 0 0 0 0 0 0 0 0 0 0 0 0 0 77 68 79 32 101 120 116 114 97 32 100 97 116 97 32 108 111 99 107 0 0 0 0 0 0 0 0 0 0 0 0 0 0 0 0 0 0 0 0 0 0 0 0 0 0 0 0 0 0 0 0 0 0 0 0 0 0 0 0 0 0 0 0 0 0 0 0 0 0 0 0 0 0 0 0 0 0 0 0 0 0 0 0 0 0 0 0 0 0 0 0 0 0 0 0 0 0 0 0 0 0 0 0 0 0 0 0 0 0 0 0 0 0 0 0 0 0 0 0 0 0 0 0 0 0 0 0 0 0 0 0 0 0 0 0 0 255 0 0 0 41 160 0 0 1 0 0 0 0 0 0 0 0 0 0 0 2 0 0 0 0 0 0 0 0 0 0 0 16 0 0 0 255 255 255 255 2 0 5 0 0 0 0 0 data 2 0x50002 0x1405 oops 0
ciMethodData java/util/concurrent/FutureTask <init> (Ljava/util/concurrent/Callable;)V 2 5380 orig 264 168 161 74 108 0 0 0 0 144 204 91 23 0 0 0 0 104 1 0 0 0 0 0 0 0 0 0 0 0 0 0 0 0 0 0 0 0 0 0 0 0 0 0 0 0 0 0 0 0 0 0 0 0 0 0 0 0 0 0 0 0 0 0 0 0 0 0 0 0 0 0 0 0 0 0 0 0 0 0 0 77 68 79 32 101 120 116 114 97 32 100 97 116 97 32 108 111 99 107 0 0 0 0 0 0 0 0 0 0 0 0 0 0 0 0 0 0 0 0 0 0 0 0 0 0 0 0 0 0 0 0 0 0 0 0 0 0 0 0 0 0 0 0 0 0 0 0 0 0 0 0 0 0 0 0 0 0 0 0 0 0 0 0 0 0 0 0 0 0 0 0 0 0 0 0 0 0 0 0 0 0 0 0 0 0 0 0 0 0 0 0 0 0 0 0 0 0 0 0 0 0 0 0 0 0 0 0 0 0 0 0 0 0 0 0 0 255 0 0 0 41 160 0 0 1 0 0 0 0 0 0 0 0 0 0 0 2 0 0 0 0 0 0 0 0 0 0 0 64 0 0 0 255 255 255 255 2 0 1 0 0 0 0 0 data 8 0x10002 0x1405 0x50007 0x1405 0x30 0x0 0xc0002 0x0 oops 0
ciMethodData java/util/concurrent/ThreadPoolExecutor execute (Ljava/lang/Runnable;)V 2 11271 orig 264 168 161 74 108 0 0 0 0 144 98 84 23 0 0 0 0 112 4 0 0 168 2 0 0 0 0 0 0 0 0 0 0 0 0 0 0 0 0 0 0 0 0 0 0 0 0 0 0 0 0 0 0 0 0 0 0 0 0 0 0 0 0 0 0 0 0 0 0 0 0 0 0 0 0 0 0 0 0 0 0 77 68 79 32 101 120 116 114 97 32 100 97 116 97 32 108 111 99 107 0 0 0 0 0 0 0 0 0 0 0 0 0 0 0 0 0 0 0 0 0 0 0 0 0 0 0 0 0 0 0 0 0 0 0 0 0 0 0 0 0 0 0 0 0 0 0 0 0 0 0 0 0 0 0 0 0 0 0 0 0 0 0 0 0 0 0 0 0 0 0 0 0 0 0 0 0 0 0 0 0 0 0 0 0 0 0 0 0 0 0 0 0 0 0 0 0 0 0 0 0 0 0 0 0 0 0 0 0 0 0 0 0 0 0 0 0 0 1 0 0 17 160 0 0 1 0 0 0 0 0 0 0 0 0 0 0 2 0 0 0 0 0 34 0 2 0 0 0 32 3 0 0 255 255 255 255 7 0 1 0 0 0 0 0 data 100 0x10007 0x1402 0x30 0x0 0x80002 0x0 0x100005 0x0 0x17cb8f30 0x1402 0x0 0x0 0x150002 0x1402 0x1c0007 0x1402 0x80 0x0 0x220002 0x0 0x250007 0x0 0x20 0x0 0x2d0005 0x0 0x0 0x0 0x0 0x0 0x320002 0x1402 0x350007 0x0 0x1c0 0x1402 0x3d0005 0x0 0x17cbbb40 0xa01 0x17cbbbf0 0xa01 0x420007 0x5a1 0x170 0xe61 0x490005 0x0 0x17cb8f30 0xe61 0x0 0x0 0x4e0002 0xe61 0x510007 0xe61 0xb8 0x0 0x560005 0x0 0x0 0x0 0x0 0x0 0x590007 0x0 0x68 0x0 0x5e0005 0x0 0x0 0x0 0x0 0x0 0x610003 0x0 0x58 0x650002 0xe61 0x680007 0xe61 0x30 0x0 0x6e0002 0x0 0x720003 0xe61 0x78 0x780002 0x5a1 0x7b0007 0x0 0x50 0x5a1 0x800005 0x0 0x1da1ae40 0x5a1 0x0 0x0 oops 5 8 java/util/concurrent/atomic/AtomicInteger 38 java/util/concurrent/LinkedBlockingQueue 40 java/util/concurrent/ArrayBlockingQueue 48 java/util/concurrent/atomic/AtomicInteger 96 java/util/concurrent/ThreadPoolExecutor
ciMethodData java/util/concurrent/ThreadPoolExecutor addWorker (Ljava/lang/Runnable;Z)Z 2 3063 orig 264 168 161 74 108 0 0 0 0 208 88 84 23 0 0 0 0 200 6 0 0 200 4 0 0 0 0 0 0 0 0 0 0 0 0 0 0 0 0 0 0 0 0 0 0 0 0 0 0 0 0 0 0 0 0 0 0 0 0 0 0 0 0 0 0 0 0 0 0 0 0 0 0 0 0 0 0 0 0 0 0 77 68 79 32 101 120 116 114 97 32 100 97 116 97 32 108 111 99 107 0 0 0 0 0 0 0 0 0 0 0 0 0 0 0 0 0 0 0 0 0 0 0 0 0 0 0 0 0 0 0 0 0 0 0 0 0 0 0 0 0 0 0 0 0 0 0 0 0 0 0 0 0 0 0 0 0 0 0 0 0 0 0 0 0 0 0 0 0 0 0 0 0 0 0 0 0 0 0 0 0 0 0 0 0 0 0 0 0 0 0 0 0 0 0 0 0 0 0 0 0 0 0 0 0 0 0 0 0 0 0 0 0 0 0 0 0 69 0 0 0 185 31 0 0 1 0 0 0 0 0 0 0 0 0 0 0 2 0 0 0 2 0 60 0 2 0 0 0 112 5 0 0 255 255 255 255 5 0 4 0 0 0 0 0 data 174 0x40005 0x101 0x17cb8f30 0x2f6 0x0 0x0 0x90002 0x3f7 0x100007 0x3f7 0xb0 0x0 0x150007 0x0 0x90 0x0 0x190007 0x0 0x70 0x0 0x200005 0x0 0x0 0x0 0x0 0x0 0x250007 0x0 0x20 0x0 0x2b0002 0x3f7 0x340007 0x0 0x78 0x3f7 0x3a0007 0x3f7 0x38 0x0 0x410003 0x0 0x18 0x480007 0x0 0x20 0x3f7 0x4f0002 0x0 0x520007 0x0 0x38 0x0 0x550003 0x0 0xa8 0x5c0005 0x0 0x0 0x0 0x0 0x0 0x610002 0x0 0x660007 0x0 0x38 0x0 0x690003 0x0 0xfffffffffffffde0 0x6c0003 0x0 0xfffffffffffffeb8 0x7d0002 0x0 0x8b0007 0x0 0x298 0x0 0x960005 0x0 0x0 0x0 0x0 0x0 0x9d0005 0x0 0x0 0x0 0x0 0x0 0xa00002 0x0 0xa70007 0x0 0x60 0x0 0xac0007 0x0 0x120 0x0 0xb00007 0x0 0x100 0x0 0xb50005 0x0 0x0 0x0 0x0 0x0 0xb80007 0x0 0x30 0x0 0xbf0002 0x0 0xc90005 0x0 0x0 0x0 0x0 0x0 0xd10005 0x0 0x0 0x0 0x0 0x0 0xdc0007 0x0 0x20 0x0 0xea0005 0x0 0x0 0x0 0x0 0x0 0xed0003 0x0 0x48 0xf40005 0x0 0x0 0x0 0x0 0x0 0xfc0007 0x0 0x50 0x0 0x1010005 0x0 0x0 0x0 0x0 0x0 0x1070007 0x0 0x78 0x0 0x10d0002 0x0 0x1100003 0x0 0x48 0x1160007 0x0 0x30 0x0 0x11c0002 0x0 oops 1 2 java/util/concurrent/atomic/AtomicInteger
ciMethodData java/util/concurrent/ThreadPoolExecutor reject (Ljava/lang/Runnable;)V 2 1514 orig 264 168 161 74 108 0 0 0 0 152 84 84 23 0 0 0 0 128 1 0 0 0 0 0 0 0 0 0 0 0 0 0 0 0 0 0 0 0 0 0 0 0 0 0 0 0 0 0 0 0 0 0 0 0 0 0 0 0 0 0 0 0 0 0 0 0 0 0 0 0 0 0 0 0 0 0 0 0 0 0 0 77 68 79 32 101 120 116 114 97 32 100 97 116 97 32 108 111 99 107 0 0 0 0 0 0 0 0 0 0 0 0 0 0 0 0 0 0 0 0 0 0 0 0 0 0 0 0 0 0 0 0 0 0 0 0 0 0 0 0 0 0 0 0 0 0 0 0 0 0 0 0 0 0 0 0 0 0 0 0 0 0 0 0 0 0 0 0 0 0 0 0 0 0 0 0 0 0 0 0 0 0 0 0 0 0 0 0 0 0 0 0 0 0 0 0 0 0 0 0 0 0 0 0 0 0 0 0 0 0 0 0 0 0 0 0 0 67 0 0 0 57 45 0 0 1 0 0 0 0 0 0 0 0 0 0 0 2 0 0 0 0 0 0 0 0 0 0 0 48 0 0 0 255 255 255 255 5 0 6 0 0 0 0 0 data 6 0x60005 0x0 0x19c80cf0 0x5a7 0x0 0x0 oops 1 2 java/util/concurrent/ThreadPoolExecutor$CallerRunsPolicy
ciMethodData java/util/concurrent/FutureTask run ()V 2 11250 orig 264 168 161 74 108 0 0 0 0 104 212 91 23 0 0 0 0 72 3 0 0 184 1 0 0 0 0 0 0 0 0 0 0 0 0 0 0 0 0 0 0 0 0 0 0 0 0 0 0 0 0 0 0 0 0 0 0 0 0 0 0 0 0 0 0 0 0 0 0 0 0 0 0 0 0 0 0 0 0 0 0 77 68 79 32 101 120 116 114 97 32 100 97 116 97 32 108 111 99 107 0 0 0 0 0 0 0 0 0 0 0 0 0 0 0 0 0 0 0 0 0 0 0 0 0 0 0 0 0 0 0 0 0 0 0 0 0 0 0 0 0 0 0 0 0 0 0 0 0 0 0 0 0 0 0 0 0 0 0 0 0 0 0 0 0 0 0 0 0 0 0 0 0 0 0 0 0 0 0 0 0 0 0 0 0 0 0 0 0 0 0 0 0 0 0 0 0 0 0 0 0 0 0 0 0 0 0 0 0 0 0 0 0 0 0 0 0 0 1 0 0 121 159 0 0 1 0 0 0 0 0 0 0 0 0 0 0 2 0 0 0 2 0 39 0 2 0 0 0 0 2 0 0 255 255 255 255 7 0 4 0 0 0 0 0 data 64 0x40007 0x0 0x80 0x13ee 0xf0002 0x13f4 0x120005 0x0 0x0 0x0 0x0 0x0 0x150007 0x13f8 0x20 0x0 0x1f0007 0x0 0x108 0x13f5 0x260007 0x0 0xe8 0x13f1 0x2a0005 0x0 0x1aed1540 0x9ff 0x1aed15f0 0x9fe 0x320003 0x13fb 0x48 0x3e0005 0x0 0x0 0x0 0x0 0x0 0x420007 0x0 0x50 0x13fb 0x470005 0x0 0x1da1e880 0x13fb 0x0 0x0 0x560007 0x13fb 0x30 0x0 0x5b0002 0x0 0x5e0003 0x13fb 0x48 0x710007 0x0 0x30 0x0 0x770002 0x0 oops 3 26 com/android/dx/command/dexer/Main$ClassTranslatorTask 28 com/android/dx/command/dexer/Main$ClassDefItemConsumer 45 java/util/concurrent/FutureTask
ciMethodData java/util/concurrent/FutureTask setException (Ljava/lang/Throwable;)V 1 0 orig 264 168 161 74 108 0 0 0 0 32 211 91 23 0 0 0 0 224 1 0 0 0 0 0 0 0 0 0 0 0 0 0 0 0 0 0 0 0 0 0 0 0 0 0 0 0 0 0 0 0 0 0 0 0 0 0 0 0 0 0 0 0 0 0 0 0 0 0 0 0 0 0 0 0 0 0 0 0 0 0 0 77 68 79 32 101 120 116 114 97 32 100 97 116 97 32 108 111 99 107 0 0 0 0 0 0 0 0 0 0 0 0 0 0 0 0 0 0 0 0 0 0 0 0 0 0 0 0 0 0 0 0 0 0 0 0 0 0 0 0 0 0 0 0 0 0 0 0 0 0 0 0 0 0 0 0 0 0 0 0 0 0 0 0 0 0 0 0 0 0 0 0 0 0 0 0 0 0 0 0 0 0 0 0 0 0 0 0 0 0 0 0 0 0 0 0 0 0 0 0 0 0 0 0 0 0 0 0 0 0 0 0 0 0 0 0 0 0 0 0 0 1 0 0 0 1 0 0 0 0 0 0 0 0 0 0 0 2 0 0 0 0 0 0 0 0 0 0 0 144 0 0 0 255 255 255 255 5 0 9 0 0 0 0 0 data 18 0x90005 0x0 0x0 0x0 0x0 0x0 0xc0007 0x0 0x60 0x0 0x1c0005 0x0 0x0 0x0 0x0 0x0 0x200002 0x0 oops 0
ciMethodData java/util/concurrent/FutureTask set (Ljava/lang/Object;)V 2 11318 orig 264 168 161 74 108 0 0 0 0 104 210 91 23 0 0 0 0 224 1 0 0 0 0 0 0 0 0 0 0 0 0 0 0 0 0 0 0 0 0 0 0 0 0 0 0 0 0 0 0 0 0 0 0 0 0 0 0 0 0 0 0 0 0 0 0 0 0 0 0 0 0 0 0 0 0 0 0 0 0 0 0 77 68 79 32 101 120 116 114 97 32 100 97 116 97 32 108 111 99 107 0 0 0 0 0 0 0 0 0 0 0 0 0 0 0 0 0 0 0 0 0 0 0 0 0 0 0 0 0 0 0 0 0 0 0 0 0 0 0 0 0 0 0 0 0 0 0 0 0 0 0 0 0 0 0 0 0 0 0 0 0 0 0 0 0 0 0 0 0 0 0 0 0 0 0 0 0 0 0 0 0 0 0 0 0 0 0 0 0 0 0 0 0 0 0 0 0 0 0 0 0 0 0 0 0 0 0 0 0 0 0 0 0 0 0 0 0 254 0 0 0 177 161 0 0 1 0 0 0 0 0 0 0 0 0 0 0 2 0 0 0 0 0 6 0 2 0 0 0 144 0 0 0 255 255 255 255 5 0 9 0 0 0 0 0 data 18 0x90005 0x88 0x0 0x0 0x0 0x0 0xc0007 0x0 0x60 0x1436 0x1c0005 0x88 0x0 0x0 0x0 0x0 0x200002 0x1436 oops 0
ciMethodData java/util/concurrent/FutureTask handlePossibleCancellationInterrupt (I)V 1 0 orig 264 168 161 74 108 0 0 0 0 88 214 91 23 0 0 0 0 184 1 0 0 0 0 0 0 0 0 0 0 0 0 0 0 0 0 0 0 0 0 0 0 0 0 0 0 0 0 0 0 0 0 0 0 0 0 0 0 0 0 0 0 0 0 0 0 0 0 0 0 0 0 0 0 0 0 0 0 0 0 0 0 77 68 79 32 101 120 116 114 97 32 100 97 116 97 32 108 111 99 107 0 0 0 0 0 0 0 0 0 0 0 0 0 0 0 0 0 0 0 0 0 0 0 0 0 0 0 0 0 0 0 0 0 0 0 0 0 0 0 0 0 0 0 0 0 0 0 0 0 0 0 0 0 0 0 0 0 0 0 0 0 0 0 0 0 0 0 0 0 0 0 0 0 0 0 0 0 0 0 0 0 0 0 0 0 0 0 0 0 0 0 0 0 0 0 0 0 0 0 0 0 0 0 0 0 0 0 0 0 0 0 0 0 0 0 0 0 0 0 0 0 1 0 0 0 1 0 0 0 0 0 0 0 0 0 0 0 2 0 0 0 0 0 0 0 0 0 0 0 104 0 0 0 255 255 255 255 7 0 2 0 0 0 0 0 data 13 0x20007 0x0 0x68 0x0 0xa0007 0x0 0x48 0x0 0xd0002 0x0 0x100003 0x0 0xffffffffffffffd0 oops 0
ciMethodData java/util/concurrent/locks/LockSupport setBlocker (Ljava/lang/Thread;Ljava/lang/Object;)V 2 543 orig 264 168 161 74 108 0 0 0 0 96 2 92 23 0 0 0 0 128 1 0 0 0 0 0 0 0 0 0 0 0 0 0 0 0 0 0 0 0 0 0 0 0 0 0 0 0 0 0 0 0 0 0 0 0 0 0 0 0 0 0 0 0 0 0 0 0 0 0 0 0 0 0 0 0 0 0 0 0 0 0 0 77 68 79 32 101 120 116 114 97 32 100 97 116 97 32 108 111 99 107 0 0 0 0 0 0 0 0 0 0 0 0 0 0 0 0 0 0 0 0 0 0 0 0 0 0 0 0 0 0 0 0 0 0 0 0 0 0 0 0 0 0 0 0 0 0 0 0 0 0 0 0 0 0 0 0 0 0 0 0 0 0 0 0 0 0 0 0 0 0 0 0 0 0 0 0 0 0 0 0 0 0 0 0 0 0 0 0 0 0 0 0 0 0 0 0 0 0 0 0 0 0 0 0 0 0 0 0 0 0 0 0 0 0 0 0 0 0 1 0 0 1 1 0 0 1 0 0 0 0 0 0 0 0 0 0 0 2 0 0 0 0 0 3 0 1 0 0 0 48 0 0 0 255 255 255 255 5 0 8 0 0 0 0 0 data 6 0x80005 0x1 0x0 0x0 0x0 0x0 oops 0
ciMethodData java/util/concurrent/locks/ReentrantLock$FairSync tryAcquire (I)Z 2 8853 orig 264 168 161 74 108 0 0 0 0 104 116 86 23 0 0 0 0 48 3 0 0 160 1 0 0 0 0 0 0 0 0 0 0 0 0 0 0 0 0 0 0 0 0 0 0 0 0 0 0 0 0 0 0 0 0 0 0 0 0 0 0 0 0 0 0 0 0 0 0 0 0 0 0 0 0 0 0 0 0 0 0 77 68 79 32 101 120 116 114 97 32 100 97 116 97 32 108 111 99 107 0 0 0 0 0 0 0 0 0 0 0 0 0 0 0 0 0 0 0 0 0 0 0 0 0 0 0 0 0 0 0 0 0 0 0 0 0 0 0 0 0 0 0 0 0 0 0 0 0 0 0 0 0 0 0 0 0 0 0 0 0 0 0 0 0 0 0 0 0 0 0 0 0 0 0 0 0 0 0 0 0 0 0 0 0 0 0 0 0 0 0 0 0 0 0 0 0 0 0 0 0 0 0 0 0 0 0 0 0 0 0 0 0 0 0 0 0 0 1 0 0 161 84 0 0 1 0 0 0 0 0 0 0 0 0 0 0 2 0 0 0 0 0 14 0 2 0 0 0 224 1 0 0 255 255 255 255 2 0 0 0 0 0 0 0 data 60 0x2 0xa94 0x50005 0x0 0x1aad5dc0 0xa94 0x0 0x0 0xa0007 0x5 0xf0 0xa8f 0xe0005 0x0 0x1aad5dc0 0xa8f 0x0 0x0 0x110007 0x3 0x150 0xa8c 0x170005 0x0 0x1aad5dc0 0xa8c 0x0 0x0 0x1a0007 0x1 0x100 0xa8c 0x1f0005 0x0 0x1aad5dc0 0xa8c 0x0 0x0 0x260005 0x0 0x1aad5dc0 0x5 0x0 0x0 0x290007 0x5 0x80 0x0 0x330007 0x0 0x30 0x0 0x3c0002 0x0 0x430005 0x0 0x0 0x0 0x0 0x0 oops 5 4 java/util/concurrent/locks/ReentrantLock$FairSync 14 java/util/concurrent/locks/ReentrantLock$FairSync 24 java/util/concurrent/locks/ReentrantLock$FairSync 34 java/util/concurrent/locks/ReentrantLock$FairSync 40 java/util/concurrent/locks/ReentrantLock$FairSync
ciMethodData java/util/concurrent/locks/AbstractQueuedSynchronizer hasQueuedPredecessors ()Z 2 8834 orig 264 168 161 74 108 0 0 0 0 24 135 85 23 0 0 0 0 208 1 0 0 80 0 0 0 0 0 0 0 0 0 0 0 0 0 0 0 0 0 0 0 0 0 0 0 0 0 0 0 0 0 0 0 0 0 0 0 0 0 0 0 0 0 0 0 0 0 0 0 0 0 0 0 0 0 0 0 0 0 0 0 77 68 79 32 101 120 116 114 97 32 100 97 116 97 32 108 111 99 107 0 0 0 0 0 0 0 0 0 0 0 0 0 0 0 0 0 0 0 0 0 0 0 0 0 0 0 0 0 0 0 0 0 0 0 0 0 0 0 0 0 0 0 0 0 0 0 0 0 0 0 0 0 0 0 0 0 0 0 0 0 0 0 0 0 0 0 0 0 0 0 0 0 0 0 0 0 0 0 0 0 0 0 0 0 0 0 0 0 0 0 0 0 0 0 0 0 0 0 0 0 0 0 0 0 0 0 0 0 0 0 0 0 0 0 0 0 254 0 0 0 1 84 0 0 1 0 0 0 0 0 0 0 0 0 0 0 2 0 0 0 0 0 12 0 2 0 0 0 136 0 0 0 255 255 255 255 7 0 12 0 0 0 0 0 data 17 0xc0007 0x9eb 0x88 0x95 0x150007 0x0 0x50 0x95 0x1c0002 0x95 0x1f0007 0x91 0x38 0x4 0x230003 0x4 0x18 oops 0
ciMethodData java/util/concurrent/locks/ReentrantLock$NonfairSync lock ()V 2 7044 orig 264 168 161 74 108 0 0 0 0 16 76 85 23 0 0 0 0 32 2 0 0 144 0 0 0 0 0 0 0 0 0 0 0 0 0 0 0 0 0 0 0 0 0 0 0 0 0 0 0 0 0 0 0 0 0 0 0 0 0 0 0 0 0 0 0 0 0 0 0 0 0 0 0 0 0 0 0 0 0 0 0 77 68 79 32 101 120 116 114 97 32 100 97 116 97 32 108 111 99 107 0 0 0 0 0 0 0 0 0 0 0 0 0 0 0 0 0 0 0 0 0 0 0 0 0 0 0 0 0 0 0 0 0 0 0 0 0 0 0 0 0 0 0 0 0 0 0 0 0 0 0 0 0 0 0 0 0 0 0 0 0 0 0 0 0 0 0 0 0 0 0 0 0 0 0 0 0 0 0 0 0 0 0 0 0 0 0 0 0 0 0 0 0 0 0 0 0 0 0 0 0 0 0 0 0 0 0 0 0 0 0 0 0 0 0 0 0 0 1 0 0 9 92 0 0 1 0 0 0 0 0 0 0 0 0 0 0 2 0 0 0 0 0 11 0 2 0 0 0 216 0 0 0 255 255 255 255 5 0 3 0 0 0 0 0 data 27 0x30005 0x1 0x1aad5d10 0xb80 0x0 0x0 0x60007 0x1 0x78 0xb80 0xa0002 0xb80 0xd0005 0x1 0x1aad5d10 0xb7f 0x0 0x0 0x100003 0xb80 0x48 0x150005 0x0 0x1aad5d10 0x1 0x0 0x0 oops 3 2 java/util/concurrent/locks/ReentrantLock$NonfairSync 14 java/util/concurrent/locks/ReentrantLock$NonfairSync 23 java/util/concurrent/locks/ReentrantLock$NonfairSync
ciMethodData java/util/concurrent/locks/ReentrantLock$NonfairSync tryAcquire (I)Z 2 6462 orig 264 168 161 74 108 0 0 0 0 168 76 85 23 0 0 0 0 128 1 0 0 0 0 0 0 0 0 0 0 0 0 0 0 0 0 0 0 0 0 0 0 0 0 0 0 0 0 0 0 0 0 0 0 0 0 0 0 0 0 0 0 0 0 0 0 0 0 0 0 0 0 0 0 0 0 0 0 0 0 0 0 77 68 79 32 101 120 116 114 97 32 100 97 116 97 32 108 111 99 107 0 0 0 0 0 0 0 0 0 0 0 0 0 0 0 0 0 0 0 0 0 0 0 0 0 0 0 0 0 0 0 0 0 0 0 0 0 0 0 0 0 0 0 0 0 0 0 0 0 0 0 0 0 0 0 0 0 0 0 0 0 0 0 0 0 0 0 0 0 0 0 0 0 0 0 0 0 0 0 0 0 0 0 0 0 0 0 0 0 0 0 0 0 0 0 0 0 0 0 0 0 0 0 0 0 0 0 0 0 0 0 0 0 0 0 0 0 217 0 0 0 209 73 0 0 1 0 0 0 0 0 0 0 0 0 0 0 2 0 0 0 0 0 3 0 2 0 0 0 48 0 0 0 255 255 255 255 5 0 2 0 0 0 0 0 data 6 0x20005 0x80 0x1aad5d10 0x8ba 0x0 0x0 oops 1 2 java/util/concurrent/locks/ReentrantLock$NonfairSync
ciMethodData java/util/concurrent/locks/ReentrantLock$Sync nonfairTryAcquire (I)Z 2 6462 orig 264 168 161 74 108 0 0 0 0 176 82 85 23 0 0 0 0 224 2 0 0 80 1 0 0 0 0 0 0 0 0 0 0 0 0 0 0 0 0 0 0 0 0 0 0 0 0 0 0 0 0 0 0 0 0 0 0 0 0 0 0 0 0 0 0 0 0 0 0 0 0 0 0 0 0 0 0 0 0 0 0 77 68 79 32 101 120 116 114 97 32 100 97 116 97 32 108 111 99 107 0 0 0 0 0 0 0 0 0 0 0 0 0 0 0 0 0 0 0 0 0 0 0 0 0 0 0 0 0 0 0 0 0 0 0 0 0 0 0 0 0 0 0 0 0 0 0 0 0 0 0 0 0 0 0 0 0 0 0 0 0 0 0 0 0 0 0 0 0 0 0 0 0 0 0 0 0 0 0 0 0 0 0 0 0 0 0 0 0 0 0 0 0 0 0 0 0 0 0 0 0 0 0 0 0 0 0 0 0 0 0 0 0 0 0 0 0 217 0 0 0 217 73 0 0 1 0 0 0 0 0 0 0 0 0 0 0 2 0 0 0 0 0 12 0 2 0 0 0 144 1 0 0 255 255 255 255 2 0 0 0 0 0 0 0 data 50 0x2 0x93b 0x50005 0x80 0x1aad5d10 0x8bb 0x0 0x0 0xa0007 0x0 0xa0 0x93b 0x100005 0x80 0x1aad5d10 0x8bb 0x0 0x0 0x130007 0x0 0x100 0x93b 0x180005 0x80 0x1aad5d10 0x8bb 0x0 0x0 0x1f0005 0x0 0x0 0x0 0x0 0x0 0x220007 0x0 0x80 0x0 0x2c0007 0x0 0x30 0x0 0x350002 0x0 0x3c0005 0x0 0x0 0x0 0x0 0x0 oops 3 4 java/util/concurrent/locks/ReentrantLock$NonfairSync 14 java/util/concurrent/locks/ReentrantLock$NonfairSync 24 java/util/concurrent/locks/ReentrantLock$NonfairSync
ciMethodData java/util/concurrent/FutureTask finishCompletion ()V 2 11285 orig 264 168 161 74 108 0 0 0 0 64 215 91 23 0 0 0 0 104 2 0 0 80 0 0 0 0 0 0 0 0 0 0 0 0 0 0 0 0 0 0 0 0 0 0 0 0 0 0 0 0 0 0 0 0 0 0 0 0 0 0 0 0 0 0 0 0 0 0 0 0 0 0 0 0 0 0 0 0 0 0 0 77 68 79 32 101 120 116 114 97 32 100 97 116 97 32 108 111 99 107 0 0 0 0 0 0 0 0 0 0 0 0 0 0 0 0 0 0 0 0 0 0 0 0 0 0 0 0 0 0 0 0 0 0 0 0 0 0 0 0 0 0 0 0 0 0 0 0 0 0 0 0 0 0 0 0 0 0 0 0 0 0 0 0 0 0 0 0 0 0 0 0 0 0 0 0 0 0 0 0 0 0 0 0 0 0 0 0 0 0 0 0 0 0 0 0 0 0 0 0 0 0 0 0 0 0 0 0 0 0 0 0 0 0 0 0 0 131 1 0 0 129 160 0 0 201 29 0 0 0 0 0 0 0 0 0 0 2 0 0 0 2 0 17 0 2 0 0 0 32 1 0 0 255 255 255 255 7 0 6 0 0 0 0 0 data 36 0x60007 0x1057 0xf0 0x3b9 0x120005 0x0 0x0 0x0 0x0 0x0 0x150007 0x0 0xffffffffffffffb0 0x3b9 0x1e0007 0x0 0x30 0x3b9 0x270002 0x3b9 0x300007 0x0 0x38 0x3b9 0x330003 0x3b9 0x30 0x3d0003 0x0 0xffffffffffffff98 0x410005 0x0 0x1da1e880 0x1410 0x0 0x0 oops 1 32 java/util/concurrent/FutureTask
ciMethodData java/util/concurrent/locks/LockSupport unpark (Ljava/lang/Thread;)V 2 1321 orig 264 168 161 74 108 0 0 0 0 0 3 92 23 0 0 0 0 152 1 0 0 0 0 0 0 0 0 0 0 0 0 0 0 0 0 0 0 0 0 0 0 0 0 0 0 0 0 0 0 0 0 0 0 0 0 0 0 0 0 0 0 0 0 0 0 0 0 0 0 0 0 0 0 0 0 0 0 0 0 0 0 77 68 79 32 101 120 116 114 97 32 100 97 116 97 32 108 111 99 107 0 0 0 0 0 0 0 0 0 0 0 0 0 0 0 0 0 0 0 0 0 0 0 0 0 0 0 0 0 0 0 0 0 0 0 0 0 0 0 0 0 0 0 0 0 0 0 0 0 0 0 0 0 0 0 0 0 0 0 0 0 0 0 0 0 0 0 0 0 0 0 0 0 0 0 0 0 0 0 0 0 0 0 0 0 0 0 0 0 0 0 0 0 0 0 0 0 0 0 0 0 0 0 0 0 0 0 0 0 0 0 0 0 0 0 0 0 152 0 0 0 201 33 0 0 1 0 0 0 0 0 0 0 0 0 0 0 2 0 0 0 0 0 6 0 2 0 0 0 80 0 0 0 255 255 255 255 7 0 1 0 0 0 0 0 data 10 0x10007 0x0 0x50 0x439 0x80005 0x80 0x17c60e30 0x3b9 0x0 0x0 oops 1 6 sun/misc/Unsafe
ciMethodData java/util/concurrent/FutureTask done ()V 2 5523 orig 264 168 161 74 108 0 0 0 0 176 209 91 23 0 0 0 0 32 1 0 0 0 0 0 0 0 0 0 0 0 0 0 0 0 0 0 0 0 0 0 0 0 0 0 0 0 0 0 0 0 0 0 0 0 0 0 0 0 0 0 0 0 0 0 0 0 0 0 0 0 0 0 0 0 0 0 0 0 0 0 0 77 68 79 32 101 120 116 114 97 32 100 97 116 97 32 108 111 99 107 0 0 0 0 0 0 0 0 0 0 0 0 0 0 0 0 0 0 0 0 0 0 0 0 0 0 0 0 0 0 0 0 0 0 0 0 0 0 0 0 0 0 0 0 0 0 0 0 0 0 0 0 0 0 0 0 0 0 0 0 0 0 0 0 0 0 0 0 0 0 0 0 0 0 0 0 0 0 0 0 0 0 0 0 0 0 0 0 0 0 0 0 0 0 0 0 0 0 0 0 0 0 0 0 0 0 0 0 0 0 0 0 0 0 0 0 0 133 1 0 0 113 160 0 0 1 0 0 0 0 0 0 0 0 0 0 0 2 0 0 0 0 0 3 0 1 0 0 0 0 0 0 0 255 255 255 255 0 0 0 0 0 0 0 0 data 0 oops 0
ciMethodData java/util/concurrent/locks/AbstractQueuedSynchronizer compareAndSetWaitStatus (Ljava/util/concurrent/locks/AbstractQueuedSynchronizer$Node;II)Z 2 848 orig 264 168 161 74 108 0 0 0 0 64 147 85 23 0 0 0 0 136 1 0 0 0 0 0 0 0 0 0 0 0 0 0 0 0 0 0 0 0 0 0 0 0 0 0 0 0 0 0 0 0 0 0 0 0 0 0 0 0 0 0 0 0 0 0 0 0 0 0 0 0 0 0 0 0 0 0 0 0 0 0 0 77 68 79 32 101 120 116 114 97 32 100 97 116 97 32 108 111 99 107 0 0 0 0 0 0 0 0 0 0 0 0 0 0 0 0 0 0 0 0 0 0 0 0 0 0 0 0 0 0 0 0 0 0 0 0 0 0 0 0 0 0 0 0 0 0 0 0 0 0 0 0 0 0 0 0 0 0 0 0 0 0 0 0 0 0 0 0 0 0 0 0 0 0 0 0 0 0 0 0 0 0 0 0 0 0 0 0 0 0 0 0 0 0 0 0 0 0 0 0 0 0 0 0 0 0 0 0 0 0 0 0 0 0 0 0 0 0 1 0 0 9 0 0 0 1 0 0 0 0 0 0 0 0 0 0 0 2 0 0 0 0 0 3 0 1 0 0 0 48 0 0 0 255 255 255 255 5 0 9 0 0 0 0 0 data 6 0x90005 0x1 0x0 0x0 0x0 0x0 oops 0
ciMethodData java/util/concurrent/atomic/AtomicInteger getAndIncrement ()I 2 1925 orig 264 168 161 74 108 0 0 0 0 208 195 63 23 0 0 0 0 120 1 0 0 0 0 0 0 0 0 0 0 0 0 0 0 0 0 0 0 0 0 0 0 0 0 0 0 0 0 0 0 0 0 0 0 0 0 0 0 0 0 0 0 0 0 0 0 0 0 0 0 0 0 0 0 0 0 0 0 0 0 0 0 77 68 79 32 101 120 116 114 97 32 100 97 116 97 32 108 111 99 107 0 0 0 0 0 0 0 0 0 0 0 0 0 0 0 0 0 0 0 0 0 0 0 0 0 0 0 0 0 0 0 0 0 0 0 0 0 0 0 0 0 0 0 0 0 0 0 0 0 0 0 0 0 0 0 0 0 0 0 0 0 0 0 0 0 0 0 0 0 0 0 0 0 0 0 0 0 0 0 0 0 0 0 0 0 0 0 0 0 0 0 0 0 0 0 0 0 0 0 0 0 0 0 0 0 0 0 0 0 0 0 0 0 0 0 0 0 0 1 0 0 1 48 0 0 1 0 0 0 0 0 0 0 0 0 0 0 2 0 0 0 0 0 3 0 1 0 0 0 48 0 0 0 255 255 255 255 5 0 8 0 0 0 0 0 data 6 0x80005 0x0 0x0 0x0 0x0 0x0 oops 0
ciMethodData java/util/concurrent/LinkedBlockingQueue$Node <init> (Ljava/lang/Object;)V 2 1920 orig 264 168 161 74 108 0 0 0 0 64 210 85 23 0 0 0 0 56 1 0 0 0 0 0 0 0 0 0 0 0 0 0 0 0 0 0 0 0 0 0 0 0 0 0 0 0 0 0 0 0 0 0 0 0 0 0 0 0 0 0 0 0 0 0 0 0 0 0 0 0 0 0 0 0 0 0 0 0 0 0 0 77 68 79 32 101 120 116 114 97 32 100 97 116 97 32 108 111 99 107 0 0 0 0 0 0 0 0 0 0 0 0 0 0 0 0 0 0 0 0 0 0 0 0 0 0 0 0 0 0 0 0 0 0 0 0 0 0 0 0 0 0 0 0 0 0 0 0 0 0 0 0 0 0 0 0 0 0 0 0 0 0 0 0 0 0 0 0 0 0 0 0 0 0 0 0 0 0 0 0 0 0 0 0 0 0 0 0 0 0 0 0 0 0 0 0 0 0 0 0 0 0 0 0 0 0 0 0 0 0 0 0 0 0 0 0 0 0 1 0 0 241 47 0 0 1 0 0 0 0 0 0 0 0 0 0 0 2 0 0 0 0 0 3 0 2 0 0 0 16 0 0 0 255 255 255 255 2 0 1 0 0 0 0 0 data 2 0x10002 0x5fe oops 0
ciMethodData java/util/concurrent/locks/LockSupport park (Ljava/lang/Object;)V 1 607 orig 264 168 161 74 108 0 0 0 0 168 3 92 23 0 0 0 0 168 1 0 0 0 0 0 0 0 0 0 0 0 0 0 0 0 0 0 0 0 0 0 0 0 0 0 0 0 0 0 0 0 0 0 0 0 0 0 0 0 0 0 0 0 0 0 0 0 0 0 0 0 0 0 0 0 0 0 0 0 0 0 0 77 68 79 32 101 120 116 114 97 32 100 97 116 97 32 108 111 99 107 0 0 0 0 0 0 0 0 0 0 0 0 0 0 0 0 0 0 0 0 0 0 0 0 0 0 0 0 0 0 0 0 0 0 0 0 0 0 0 0 0 0 0 0 0 0 0 0 0 0 0 0 0 0 0 0 0 0 0 0 0 0 0 0 0 0 0 0 0 0 0 0 0 0 0 0 0 0 0 0 0 0 0 0 0 0 0 0 0 0 0 0 0 0 0 0 0 0 0 0 0 0 0 0 0 0 0 0 0 0 0 0 0 0 0 0 0 0 1 0 0 129 0 0 0 1 0 0 0 0 0 0 0 0 0 0 0 2 0 0 0 0 0 3 0 2 0 0 0 96 0 0 0 255 255 255 255 2 0 0 0 0 0 0 0 data 12 0x2 0x10 0x60002 0x10 0xe0005 0x0 0x17c60e30 0x10 0x0 0x0 0x130002 0xf oops 1 6 sun/misc/Unsafe
ciMethodData java/util/concurrent/FutureTask get ()Ljava/lang/Object; 2 1804 orig 264 168 161 74 108 0 0 0 0 72 208 91 23 0 0 0 0 96 1 0 0 32 0 0 0 0 0 0 0 0 0 0 0 0 0 0 0 0 0 0 0 0 0 0 0 0 0 0 0 0 0 0 0 0 0 0 0 0 0 0 0 0 0 0 0 0 0 0 0 0 0 0 0 0 0 0 0 0 0 0 0 77 68 79 32 101 120 116 114 97 32 100 97 116 97 32 108 111 99 107 0 0 0 0 0 0 0 0 0 0 0 0 0 0 0 0 0 0 0 0 0 0 0 0 0 0 0 0 0 0 0 0 0 0 0 0 0 0 0 0 0 0 0 0 0 0 0 0 0 0 0 0 0 0 0 0 0 0 0 0 0 0 0 0 0 0 0 0 0 0 0 0 0 0 0 0 0 0 0 0 0 0 0 0 0 0 0 0 0 0 0 0 0 0 0 0 0 0 0 0 0 0 0 0 0 0 0 0 0 0 0 0 0 0 0 0 0 127 1 0 0 105 44 0 0 1 0 0 0 0 0 0 0 0 0 0 0 2 0 0 0 0 0 0 0 0 0 0 0 64 0 0 0 255 255 255 255 7 0 7 0 0 0 0 0 data 8 0x70007 0x3f7 0x30 0x196 0xd0002 0x196 0x130002 0x58c oops 0
ciMethodData java/util/concurrent/FutureTask awaitDone (ZJ)I 1 6573 orig 264 168 161 74 108 0 0 0 0 152 216 91 23 0 0 0 0 224 3 0 0 72 0 0 0 0 0 0 0 0 0 0 0 0 0 0 0 0 0 0 0 0 0 0 0 0 0 0 0 0 0 0 0 0 0 0 0 0 0 0 0 0 0 0 0 0 0 0 0 0 0 0 0 0 0 0 0 0 0 0 0 77 68 79 32 101 120 116 114 97 32 100 97 116 97 32 108 111 99 107 0 0 0 0 0 0 0 0 0 0 0 0 0 0 0 0 0 0 0 0 0 0 0 0 0 0 0 0 0 0 0 0 0 0 0 0 0 0 0 0 0 0 0 0 0 0 0 0 0 0 0 0 0 0 0 0 0 0 0 0 0 0 0 0 0 0 0 0 0 0 0 0 0 0 0 0 0 0 0 0 0 0 0 0 0 0 0 0 0 0 0 0 0 0 0 0 0 0 0 0 0 0 0 0 0 0 0 0 0 0 0 0 0 0 0 0 0 230 1 0 0 129 4 0 0 105 13 0 0 0 0 0 0 0 0 0 0 2 0 0 0 1 0 29 0 2 0 0 0 128 2 0 0 255 255 255 255 7 0 1 0 0 0 0 0 data 80 0x10007 0x90 0x48 0x0 0x40002 0x0 0x90003 0x0 0x18 0x150002 0x23d 0x180007 0x23d 0x40 0x0 0x1e0002 0x0 0x250002 0x0 0x320007 0x1ae 0x40 0x8f 0x370007 0x0 0x20 0x8f 0x460007 0x1ae 0x48 0x0 0x490002 0x0 0x4c0003 0x0 0x160 0x510007 0x11e 0x48 0x90 0x580002 0x90 0x5d0003 0x90 0x118 0x620007 0x8f 0x68 0x8f 0x780005 0x80 0x0 0x0 0x0 0x0 0x7d0003 0x8f 0xb0 0x810007 0x8f 0x88 0x0 0x860002 0x0 0x8e0007 0x0 0x30 0x0 0x940002 0x0 0x9e0002 0x0 0xa10003 0x0 0x28 0xa50002 0x8f 0xa80003 0x1ad 0xfffffffffffffde0 oops 0
ciMethodData java/util/concurrent/FutureTask report (I)Ljava/lang/Object; 2 5655 orig 264 168 161 74 108 0 0 0 0 224 203 91 23 0 0 0 0 224 1 0 0 64 0 0 0 0 0 0 0 0 0 0 0 0 0 0 0 0 0 0 0 0 0 0 0 0 0 0 0 0 0 0 0 0 0 0 0 0 0 0 0 0 0 0 0 0 0 0 0 0 0 0 0 0 0 0 0 0 0 0 0 77 68 79 32 101 120 116 114 97 32 100 97 116 97 32 108 111 99 107 0 0 0 0 0 0 0 0 0 0 0 0 0 0 0 0 0 0 0 0 0 0 0 0 0 0 0 0 0 0 0 0 0 0 0 0 0 0 0 0 0 0 0 0 0 0 0 0 0 0 0 0 0 0 0 0 0 0 0 0 0 0 0 0 0 0 0 0 0 0 0 0 0 0 0 0 0 0 0 0 0 0 0 0 0 0 0 0 0 0 0 0 0 0 0 0 0 0 0 0 0 0 0 0 0 0 0 0 0 0 0 0 0 0 0 0 0 127 1 0 0 153 48 0 0 1 0 0 0 0 0 0 0 0 0 0 0 2 0 0 0 0 0 7 0 2 0 0 0 144 0 0 0 255 255 255 255 7 0 7 0 0 0 0 0 data 18 0x70007 0x0 0x20 0x613 0xe0007 0x0 0x30 0x0 0x150002 0x0 0x1e0004 0x0 0x0 0x0 0x0 0x0 0x210002 0x0 oops 0
ciMethodData java/util/concurrent/ArrayBlockingQueue offer (Ljava/lang/Object;)Z 2 5635 orig 264 168 161 74 108 0 0 0 0 80 86 86 23 0 0 0 0 80 2 0 0 96 0 0 0 0 0 0 0 0 0 0 0 0 0 0 0 0 0 0 0 0 0 0 0 0 0 0 0 0 0 0 0 0 0 0 0 0 0 0 0 0 0 0 0 0 0 0 0 0 0 0 0 0 0 0 0 0 0 0 0 77 68 79 32 101 120 116 114 97 32 100 97 116 97 32 108 111 99 107 0 0 0 0 0 0 0 0 0 0 0 0 0 0 0 0 0 0 0 0 0 0 0 0 0 0 0 0 0 0 0 0 0 0 0 0 0 0 0 0 0 0 0 0 0 0 0 0 0 0 0 0 0 0 0 0 0 0 0 0 0 0 0 0 0 0 0 0 0 0 0 0 0 0 0 0 0 0 0 0 0 0 0 0 0 0 0 0 0 0 0 0 0 0 0 0 0 0 0 0 0 0 0 0 0 0 0 0 0 0 0 0 0 0 0 0 0 129 1 0 0 169 47 0 0 1 0 0 0 0 0 0 0 0 0 0 0 2 0 0 0 0 0 13 0 2 0 0 0 0 1 0 0 255 255 255 255 2 0 1 0 0 0 0 0 data 32 0x10002 0x5f5 0xa0005 0x0 0x1bf22660 0x5f5 0x0 0x0 0x160007 0x249 0x50 0x3ac 0x1c0005 0x0 0x1bf22660 0x3ac 0x0 0x0 0x230002 0x249 0x290005 0x0 0x1bf22660 0x249 0x0 0x0 0x310005 0x0 0x0 0x0 0x0 0x0 oops 3 4 java/util/concurrent/locks/ReentrantLock 14 java/util/concurrent/locks/ReentrantLock 22 java/util/concurrent/locks/ReentrantLock
ciMethodData java/util/concurrent/ArrayBlockingQueue checkNotNull (Ljava/lang/Object;)V 2 1910 orig 264 168 161 74 108 0 0 0 0 16 79 86 23 0 0 0 0 80 1 0 0 0 0 0 0 0 0 0 0 0 0 0 0 0 0 0 0 0 0 0 0 0 0 0 0 0 0 0 0 0 0 0 0 0 0 0 0 0 0 0 0 0 0 0 0 0 0 0 0 0 0 0 0 0 0 0 0 0 0 0 0 77 68 79 32 101 120 116 114 97 32 100 97 116 97 32 108 111 99 107 0 0 0 0 0 0 0 0 0 0 0 0 0 0 0 0 0 0 0 0 0 0 0 0 0 0 0 0 0 0 0 0 0 0 0 0 0 0 0 0 0 0 0 0 0 0 0 0 0 0 0 0 0 0 0 0 0 0 0 0 0 0 0 0 0 0 0 0 0 0 0 0 0 0 0 0 0 0 0 0 0 0 0 0 0 0 0 0 0 0 0 0 0 0 0 0 0 0 0 0 0 0 0 0 0 0 0 0 0 0 0 0 0 0 0 0 0 129 1 0 0 169 47 0 0 1 0 0 0 0 0 0 0 0 0 0 0 2 0 0 0 0 0 5 0 2 0 0 0 48 0 0 0 255 255 255 255 7 0 1 0 0 0 0 0 data 6 0x10007 0x5f5 0x30 0x0 0x80002 0x0 oops 0
ciMethodData java/util/concurrent/ArrayBlockingQueue enqueue (Ljava/lang/Object;)V 1 2584 orig 264 168 161 74 108 0 0 0 0 224 79 86 23 0 0 0 0 208 1 0 0 48 0 0 0 0 0 0 0 0 0 0 0 0 0 0 0 0 0 0 0 0 0 0 0 0 0 0 0 0 0 0 0 0 0 0 0 0 0 0 0 0 0 0 0 0 0 0 0 0 0 0 0 0 0 0 0 0 0 0 0 77 68 79 32 101 120 116 114 97 32 100 97 116 97 32 108 111 99 107 0 0 0 0 0 0 0 0 0 0 0 0 0 0 0 0 0 0 0 0 0 0 0 0 0 0 0 0 0 0 0 0 0 0 0 0 0 0 0 0 0 0 0 0 0 0 0 0 0 0 0 0 0 0 0 0 0 0 0 0 0 0 0 0 0 0 0 0 0 0 0 0 0 0 0 0 0 0 0 0 0 0 0 0 0 0 0 0 0 0 0 0 0 0 0 0 0 0 0 0 0 0 0 0 0 0 0 0 0 0 0 0 0 0 0 0 0 189 0 0 0 193 16 0 0 1 0 0 0 0 0 0 0 0 0 0 0 2 0 0 0 0 0 12 0 2 0 0 0 128 0 0 0 255 255 255 255 4 0 11 0 0 0 0 0 data 16 0xb0004 0x0 0x1da1e880 0x218 0x0 0x0 0x190007 0x10b 0x20 0x10d 0x2f0005 0x0 0x1a341c40 0x218 0x0 0x0 oops 2 2 java/util/concurrent/FutureTask 12 java/util/concurrent/locks/AbstractQueuedSynchronizer$ConditionObject
ciMethodData java/util/concurrent/locks/ReentrantLock$FairSync lock ()V 2 5635 orig 264 168 161 74 108 0 0 0 0 128 115 86 23 0 0 0 0 120 1 0 0 0 0 0 0 0 0 0 0 0 0 0 0 0 0 0 0 0 0 0 0 0 0 0 0 0 0 0 0 0 0 0 0 0 0 0 0 0 0 0 0 0 0 0 0 0 0 0 0 0 0 0 0 0 0 0 0 0 0 0 0 77 68 79 32 101 120 116 114 97 32 100 97 116 97 32 108 111 99 107 0 0 0 0 0 0 0 0 0 0 0 0 0 0 0 0 0 0 0 0 0 0 0 0 0 0 0 0 0 0 0 0 0 0 0 0 0 0 0 0 0 0 0 0 0 0 0 0 0 0 0 0 0 0 0 0 0 0 0 0 0 0 0 0 0 0 0 0 0 0 0 0 0 0 0 0 0 0 0 0 0 0 0 0 0 0 0 0 0 0 0 0 0 0 0 0 0 0 0 0 0 0 0 0 0 0 0 0 0 0 0 0 0 0 0 0 0 129 1 0 0 169 47 0 0 1 0 0 0 0 0 0 0 0 0 0 0 2 0 0 0 0 0 9 0 2 0 0 0 48 0 0 0 255 255 255 255 5 0 2 0 0 0 0 0 data 6 0x20005 0x0 0x1aad5dc0 0x5f5 0x0 0x0 oops 1 2 java/util/concurrent/locks/ReentrantLock$FairSync
ciMethodData java/util/concurrent/LinkedBlockingQueue offer (Ljava/lang/Object;)Z 2 5643 orig 264 168 161 74 108 0 0 0 0 168 27 85 23 0 0 0 0 208 3 0 0 56 2 0 0 0 0 0 0 0 0 0 0 0 0 0 0 0 0 0 0 0 0 0 0 0 0 0 0 0 0 0 0 0 0 0 0 0 0 0 0 0 0 0 0 0 0 0 0 0 0 0 0 0 0 0 0 0 0 0 0 77 68 79 32 101 120 116 114 97 32 100 97 116 97 32 108 111 99 107 0 0 0 0 0 0 0 0 0 0 0 0 0 0 0 0 0 0 0 0 0 0 0 0 0 0 0 0 0 0 0 0 0 0 0 0 0 0 0 0 0 0 0 0 0 0 0 0 0 0 0 0 0 0 0 0 0 0 0 0 0 0 0 0 0 0 0 0 0 0 0 0 0 0 0 0 0 0 0 0 0 0 0 0 0 0 0 0 0 0 0 0 0 0 0 0 0 0 0 0 0 0 0 0 0 0 0 0 0 0 0 0 0 0 0 0 0 128 1 0 0 241 47 0 0 1 0 0 0 0 0 0 0 0 0 0 0 2 0 0 0 0 0 31 0 2 0 0 0 128 2 0 0 255 255 255 255 7 0 1 0 0 0 0 0 data 80 0x10007 0x5fe 0x30 0x0 0x80002 0x0 0x120005 0x0 0x17cb8f30 0x5fe 0x0 0x0 0x190007 0x5fe 0x20 0x0 0x250002 0x5fe 0x320005 0x0 0x1bf22660 0x5fe 0x0 0x0 0x360005 0x0 0x17cb8f30 0x5fe 0x0 0x0 0x3d0007 0x0 0xb0 0x5fe 0x430002 0x5fe 0x470005 0x0 0x17cb8f30 0x5fe 0x0 0x0 0x520007 0x0 0x50 0x5fe 0x590005 0x0 0x1a341c40 0x5fe 0x0 0x0 0x600005 0x0 0x1bf22660 0x5fe 0x0 0x0 0x630003 0x5fe 0x48 0x6a0005 0x0 0x0 0x0 0x0 0x0 0x710007 0x4e4 0x30 0x11a 0x750002 0x11a 0x790007 0x0 0x38 0x5fe 0x7d0003 0x5fe 0x18 oops 6 8 java/util/concurrent/atomic/AtomicInteger 20 java/util/concurrent/locks/ReentrantLock 26 java/util/concurrent/atomic/AtomicInteger 38 java/util/concurrent/atomic/AtomicInteger 48 java/util/concurrent/locks/AbstractQueuedSynchronizer$ConditionObject 54 java/util/concurrent/locks/ReentrantLock
ciMethodData java/util/concurrent/LinkedBlockingQueue enqueue (Ljava/util/concurrent/LinkedBlockingQueue$Node;)V 2 1919 orig 264 168 161 74 108 0 0 0 0 216 17 85 23 0 0 0 0 40 1 0 0 0 0 0 0 0 0 0 0 0 0 0 0 0 0 0 0 0 0 0 0 0 0 0 0 0 0 0 0 0 0 0 0 0 0 0 0 0 0 0 0 0 0 0 0 0 0 0 0 0 0 0 0 0 0 0 0 0 0 0 0 77 68 79 32 101 120 116 114 97 32 100 97 116 97 32 108 111 99 107 0 0 0 0 0 0 0 0 0 0 0 0 0 0 0 0 0 0 0 0 0 0 0 0 0 0 0 0 0 0 0 0 0 0 0 0 0 0 0 0 0 0 0 0 0 0 0 0 0 0 0 0 0 0 0 0 0 0 0 0 0 0 0 0 0 0 0 0 0 0 0 0 0 0 0 0 0 0 0 0 0 0 0 0 0 0 0 0 0 0 0 0 0 0 0 0 0 0 0 0 0 0 0 0 0 0 0 0 0 0 0 0 0 0 0 0 0 128 1 0 0 249 47 0 0 1 0 0 0 0 0 0 0 0 0 0 0 2 0 0 0 0 0 0 0 0 0 0 0 0 0 0 0 255 255 255 255 0 0 0 0 0 0 0 0 data 0 oops 0
ciMethodData java/util/concurrent/LinkedBlockingQueue signalNotEmpty ()V 1 418 orig 264 168 161 74 108 0 0 0 0 120 16 85 23 0 0 0 0 32 2 0 0 0 0 0 0 0 0 0 0 0 0 0 0 0 0 0 0 0 0 0 0 0 0 0 0 0 0 0 0 0 0 0 0 0 0 0 0 0 0 0 0 0 0 0 0 0 0 0 0 0 0 0 0 0 0 0 0 0 0 0 0 77 68 79 32 101 120 116 114 97 32 100 97 116 97 32 108 111 99 107 0 0 0 0 0 0 0 0 0 0 0 0 0 0 0 0 0 0 0 0 0 0 0 0 0 0 0 0 0 0 0 0 0 0 0 0 0 0 0 0 0 0 0 0 0 0 0 0 0 0 0 0 0 0 0 0 0 0 0 0 0 0 0 0 0 0 0 0 0 0 0 0 0 0 0 0 0 0 0 0 0 0 0 0 0 0 0 0 0 0 0 0 0 0 0 0 0 0 0 0 0 0 0 0 0 0 0 0 0 0 0 0 0 0 0 0 0 136 0 0 0 209 8 0 0 1 0 0 0 0 0 0 0 0 0 0 0 2 0 0 0 0 0 0 0 0 0 0 0 216 0 0 0 255 255 255 255 5 0 6 0 0 0 0 0 data 27 0x60005 0x0 0x1bf22660 0x11a 0x0 0x0 0xd0005 0x0 0x1a341c40 0x11a 0x0 0x0 0x130005 0x0 0x1bf22660 0x11a 0x0 0x0 0x160003 0x11a 0x48 0x1b0005 0x0 0x0 0x0 0x0 0x0 oops 3 2 java/util/concurrent/locks/ReentrantLock 8 java/util/concurrent/locks/AbstractQueuedSynchronizer$ConditionObject 14 java/util/concurrent/locks/ReentrantLock
ciMethodData java/util/concurrent/ThreadPoolExecutor$CallerRunsPolicy rejectedExecution (Ljava/lang/Runnable;Ljava/util/concurrent/ThreadPoolExecutor;)V 2 3061 orig 264 168 161 74 108 0 0 0 0 0 121 86 23 0 0 0 0 216 1 0 0 0 0 0 0 0 0 0 0 0 0 0 0 0 0 0 0 0 0 0 0 0 0 0 0 0 0 0 0 0 0 0 0 0 0 0 0 0 0 0 0 0 0 0 0 0 0 0 0 0 0 0 0 0 0 0 0 0 0 0 0 77 68 79 32 101 120 116 114 97 32 100 97 116 97 32 108 111 99 107 0 0 0 0 0 0 0 0 0 0 0 0 0 0 0 0 0 0 0 0 0 0 0 0 0 0 0 0 0 0 0 0 0 0 0 0 0 0 0 0 0 0 0 0 0 0 0 0 0 0 0 0 0 0 0 0 0 0 0 0 0 0 0 0 0 0 0 0 0 0 0 0 0 0 0 0 0 0 0 0 0 0 0 0 0 0 0 0 0 0 0 0 0 0 0 0 0 0 0 0 0 0 0 0 0 0 0 0 0 0 0 0 0 0 0 0 0 0 1 0 0 169 31 0 0 1 0 0 0 0 0 0 0 0 0 0 0 2 0 0 0 0 0 14 0 2 0 0 0 128 0 0 0 255 255 255 255 5 0 1 0 0 0 0 0 data 16 0x10005 0x0 0x1da1ae40 0x3f5 0x0 0x0 0x40007 0x0 0x50 0x3f5 0x80005 0x0 0x1da1e880 0x3f5 0x0 0x0 oops 2 2 java/util/concurrent/ThreadPoolExecutor 12 java/util/concurrent/FutureTask
ciMethodData java/util/concurrent/ThreadPoolExecutor isShutdown ()Z 2 1269 orig 264 168 161 74 108 0 0 0 0 216 100 84 23 0 0 0 0 192 1 0 0 0 0 0 0 0 0 0 0 0 0 0 0 0 0 0 0 0 0 0 0 0 0 0 0 0 0 0 0 0 0 0 0 0 0 0 0 0 0 0 0 0 0 0 0 0 0 0 0 0 0 0 0 0 0 0 0 0 0 0 0 77 68 79 32 101 120 116 114 97 32 100 97 116 97 32 108 111 99 107 0 0 0 0 0 0 0 0 0 0 0 0 0 0 0 0 0 0 0 0 0 0 0 0 0 0 0 0 0 0 0 0 0 0 0 0 0 0 0 0 0 0 0 0 0 0 0 0 0 0 0 0 0 0 0 0 0 0 0 0 0 0 0 0 0 0 0 0 0 0 0 0 0 0 0 0 0 0 0 0 0 0 0 0 0 0 0 0 0 0 0 0 0 0 0 0 0 0 0 0 0 0 0 0 0 0 0 0 0 0 0 0 0 0 0 0 0 0 1 0 0 169 31 0 0 1 0 0 0 0 0 0 0 0 0 0 0 2 0 0 0 0 0 3 0 2 0 0 0 120 0 0 0 255 255 255 255 5 0 4 0 0 0 0 0 data 15 0x40005 0x0 0x17cb8f30 0x3f5 0x0 0x0 0x70002 0x3f5 0xa0007 0x3f5 0x38 0x0 0xe0003 0x0 0x18 oops 1 2 java/util/concurrent/atomic/AtomicInteger
ciMethodData java/util/concurrent/locks/AbstractQueuedSynchronizer$Node predecessor ()Ljava/util/concurrent/locks/AbstractQueuedSynchronizer$Node; 1 362 orig 264 168 161 74 108 0 0 0 0 104 170 85 23 0 0 0 0 80 1 0 0 0 0 0 0 0 0 0 0 0 0 0 0 0 0 0 0 0 0 0 0 0 0 0 0 0 0 0 0 0 0 0 0 0 0 0 0 0 0 0 0 0 0 0 0 0 0 0 0 0 0 0 0 0 0 0 0 0 0 0 0 77 68 79 32 101 120 116 114 97 32 100 97 116 97 32 108 111 99 107 0 0 0 0 0 0 0 0 0 0 0 0 0 0 0 0 0 0 0 0 0 0 0 0 0 0 0 0 0 0 0 0 0 0 0 0 0 0 0 0 0 0 0 0 0 0 0 0 0 0 0 0 0 0 0 0 0 0 0 0 0 0 0 0 0 0 0 0 0 0 0 0 0 0 0 0 0 0 0 0 0 0 0 0 0 0 0 0 0 0 0 0 0 0 0 0 0 0 0 0 0 0 0 0 0 0 0 0 0 0 0 0 0 0 0 0 0 0 1 0 0 1 0 0 0 1 0 0 0 0 0 0 0 0 0 0 0 2 0 0 0 0 0 5 0 2 0 0 0 48 0 0 0 255 255 255 255 7 0 6 0 0 0 0 0 data 6 0x60007 0x0 0x30 0x0 0xd0002 0x0 oops 0
ciMethodData java/util/concurrent/FutureTask$WaitNode <init> ()V 1 306 orig 264 168 161 74 108 0 0 0 0 224 226 91 23 0 0 0 0 104 1 0 0 0 0 0 0 0 0 0 0 0 0 0 0 0 0 0 0 0 0 0 0 0 0 0 0 0 0 0 0 0 0 0 0 0 0 0 0 0 0 0 0 0 0 0 0 0 0 0 0 0 0 0 0 0 0 0 0 0 0 0 0 77 68 79 32 101 120 116 114 97 32 100 97 116 97 32 108 111 99 107 0 0 0 0 0 0 0 0 0 0 0 0 0 0 0 0 0 0 0 0 0 0 0 0 0 0 0 0 0 0 0 0 0 0 0 0 0 0 0 0 0 0 0 0 0 0 0 0 0 0 0 0 0 0 0 0 0 0 0 0 0 0 0 0 0 0 0 0 0 0 0 0 0 0 0 0 0 0 0 0 0 0 0 0 0 0 0 0 0 0 0 0 0 0 0 0 0 0 0 0 0 0 0 0 0 0 0 0 0 0 0 0 0 0 0 0 0 0 1 0 0 121 0 0 0 1 0 0 0 0 0 0 0 0 0 0 0 2 0 0 0 0 0 3 0 2 0 0 0 32 0 0 0 255 255 255 255 2 0 1 0 0 0 0 0 data 4 0x10002 0xf 0x50002 0xf oops 0
ciMethodData java/util/concurrent/locks/AbstractQueuedSynchronizer compareAndSetTail (Ljava/util/concurrent/locks/AbstractQueuedSynchronizer$Node;Ljava/util/concurrent/locks/AbstractQueuedSynchronizer$Node;)Z 2 438 orig 264 168 161 74 108 0 0 0 0 160 146 85 23 0 0 0 0 136 1 0 0 0 0 0 0 0 0 0 0 0 0 0 0 0 0 0 0 0 0 0 0 0 0 0 0 0 0 0 0 0 0 0 0 0 0 0 0 0 0 0 0 0 0 0 0 0 0 0 0 0 0 0 0 0 0 0 0 0 0 0 0 77 68 79 32 101 120 116 114 97 32 100 97 116 97 32 108 111 99 107 0 0 0 0 0 0 0 0 0 0 0 0 0 0 0 0 0 0 0 0 0 0 0 0 0 0 0 0 0 0 0 0 0 0 0 0 0 0 0 0 0 0 0 0 0 0 0 0 0 0 0 0 0 0 0 0 0 0 0 0 0 0 0 0 0 0 0 0 0 0 0 0 0 0 0 0 0 0 0 0 0 0 0 0 0 0 0 0 0 0 0 0 0 0 0 0 0 0 0 0 0 0 0 0 0 0 0 0 0 0 0 0 0 0 0 0 0 0 1 0 0 1 0 0 0 1 0 0 0 0 0 0 0 0 0 0 0 2 0 0 0 0 0 3 0 1 0 0 0 48 0 0 0 255 255 255 255 5 0 9 0 0 0 0 0 data 6 0x90005 0x0 0x0 0x0 0x0 0x0 oops 0
ciMethodData java/util/concurrent/FutureTask removeWaiter (Ljava/util/concurrent/FutureTask$WaitNode;)V 1 0 orig 264 168 161 74 108 0 0 0 0 144 217 91 23 0 0 0 0 184 2 0 0 0 0 0 0 0 0 0 0 0 0 0 0 0 0 0 0 0 0 0 0 0 0 0 0 0 0 0 0 0 0 0 0 0 0 0 0 0 0 0 0 0 0 0 0 0 0 0 0 0 0 0 0 0 0 0 0 0 0 0 0 77 68 79 32 101 120 116 114 97 32 100 97 116 97 32 108 111 99 107 0 0 0 0 0 0 0 0 0 0 0 0 0 0 0 0 0 0 0 0 0 0 0 0 0 0 0 0 0 0 0 0 0 0 0 0 0 0 0 0 0 0 0 0 0 0 0 0 0 0 0 0 0 0 0 0 0 0 0 0 0 0 0 0 0 0 0 0 0 0 0 0 0 0 0 0 0 0 0 0 0 0 0 0 0 0 0 0 0 0 0 0 0 0 0 0 0 0 0 0 0 0 0 0 0 0 0 0 0 0 0 0 0 0 0 0 0 0 0 0 0 1 0 0 0 1 0 0 0 0 0 0 0 0 0 0 0 2 0 0 0 0 0 0 0 0 0 0 0 104 1 0 0 255 255 255 255 7 0 1 0 0 0 0 0 data 45 0x10007 0x0 0x168 0x0 0x110007 0x0 0x130 0x0 0x1e0007 0x0 0x38 0x0 0x230003 0x0 0xd8 0x270007 0x0 0x58 0x0 0x340007 0x0 0xa0 0x0 0x370003 0x0 0xffffffffffffff68 0x440005 0x0 0x0 0x0 0x0 0x0 0x470007 0x0 0x38 0x0 0x4a0003 0x0 0xffffffffffffff00 0x500003 0x0 0xfffffffffffffee8 0x530003 0x0 0x18 oops 0
ciMethodData java/util/concurrent/locks/AbstractQueuedSynchronizer transferForSignal (Ljava/util/concurrent/locks/AbstractQueuedSynchronizer$Node;)Z 1 1408 orig 264 168 161 74 108 0 0 0 0 56 141 85 23 0 0 0 0 240 1 0 0 112 0 0 0 0 0 0 0 0 0 0 0 0 0 0 0 0 0 0 0 0 0 0 0 0 0 0 0 0 0 0 0 0 0 0 0 0 0 0 0 0 0 0 0 0 0 0 0 0 0 0 0 0 0 0 0 0 0 0 0 77 68 79 32 101 120 116 114 97 32 100 97 116 97 32 108 111 99 107 0 0 0 0 0 0 0 0 0 0 0 0 0 0 0 0 0 0 0 0 0 0 0 0 0 0 0 0 0 0 0 0 0 0 0 0 0 0 0 0 0 0 0 0 0 0 0 0 0 0 0 0 0 0 0 0 0 0 0 0 0 0 0 0 0 0 0 0 0 0 0 0 0 0 0 0 0 0 0 0 0 0 0 0 0 0 0 0 0 0 0 0 0 0 0 0 0 0 0 0 0 0 0 0 0 0 0 0 0 0 0 0 0 0 0 0 0 1 1 0 0 1 0 0 0 1 0 0 0 0 0 0 0 0 0 0 0 2 0 0 0 0 0 14 0 2 0 0 0 160 0 0 0 255 255 255 255 2 0 4 0 0 0 0 0 data 20 0x40002 0x0 0x70007 0x0 0x20 0x0 0xe0002 0x0 0x180007 0x0 0x50 0x0 0x1e0002 0x0 0x210007 0x0 0x30 0x0 0x280002 0x0 oops 0
ciMethodData java/util/concurrent/locks/AbstractQueuedSynchronizer enq (Ljava/util/concurrent/locks/AbstractQueuedSynchronizer$Node;)Ljava/util/concurrent/locks/AbstractQueuedSynchronizer$Node; 1 1409 orig 264 168 161 74 108 0 0 0 0 136 106 85 23 0 0 0 0 232 1 0 0 168 0 0 0 0 0 0 0 0 0 0 0 0 0 0 0 0 0 0 0 0 0 0 0 0 0 0 0 0 0 0 0 0 0 0 0 0 0 0 0 0 0 0 0 0 0 0 0 0 0 0 0 0 0 0 0 0 0 0 0 77 68 79 32 101 120 116 114 97 32 100 97 116 97 32 108 111 99 107 0 0 0 0 0 0 0 0 0 0 0 0 0 0 0 0 0 0 0 0 0 0 0 0 0 0 0 0 0 0 0 0 0 0 0 0 0 0 0 0 0 0 0 0 0 0 0 0 0 0 0 0 0 0 0 0 0 0 0 0 0 0 0 0 0 0 0 0 0 0 0 0 0 0 0 0 0 0 0 0 0 0 0 0 0 0 0 0 0 0 0 0 0 0 0 0 0 0 0 0 0 0 0 0 0 0 0 0 0 0 0 0 0 0 0 0 0 2 1 0 0 9 4 0 0 1 0 0 0 0 0 0 0 0 0 0 0 2 0 0 0 1 0 10 0 2 0 0 0 192 0 0 0 255 255 255 255 7 0 6 0 0 0 0 0 data 24 0x60007 0x81 0x78 0x0 0xe0002 0x0 0x110002 0x0 0x140007 0x0 0x68 0x0 0x1f0003 0x0 0x48 0x2a0002 0x81 0x2d0007 0x0 0x20 0x81 0x370003 0x0 0xffffffffffffff58 oops 0
ciMethodData java/util/concurrent/locks/AbstractQueuedSynchronizer shouldParkAfterFailedAcquire (Ljava/util/concurrent/locks/AbstractQueuedSynchronizer$Node;Ljava/util/concurrent/locks/AbstractQueuedSynchronizer$Node;)Z 1 86 orig 264 168 161 74 108 0 0 0 0 184 112 85 23 0 0 0 0 216 1 0 0 32 0 0 0 0 0 0 0 0 0 0 0 0 0 0 0 0 0 0 0 0 0 0 0 0 0 0 0 0 0 0 0 0 0 0 0 0 0 0 0 0 0 0 0 0 0 0 0 0 0 0 0 0 0 0 0 0 0 0 0 77 68 79 32 101 120 116 114 97 32 100 97 116 97 32 108 111 99 107 0 0 0 0 0 0 0 0 0 0 0 0 0 0 0 0 0 0 0 0 0 0 0 0 0 0 0 0 0 0 0 0 0 0 0 0 0 0 0 0 0 0 0 0 0 0 0 0 0 0 0 0 0 0 0 0 0 0 0 0 0 0 0 0 0 0 0 0 0 0 0 0 0 0 0 0 0 0 0 0 0 0 0 0 0 0 0 0 0 0 0 0 0 0 0 0 0 0 0 0 0 0 0 0 0 0 0 0 0 0 0 0 0 0 0 0 0 30 0 0 0 193 1 0 0 1 0 0 0 0 0 0 0 0 0 0 0 2 0 0 0 0 0 0 0 0 0 0 0 136 0 0 0 255 255 255 255 7 0 7 0 0 0 0 0 data 17 0x70007 0x1c 0x20 0x1c 0xd0007 0x1c 0x58 0x0 0x1e0007 0x0 0x0 0x0 0x260003 0x0 0x28 0x2c0002 0x1c oops 0
ciMethodData java/util/concurrent/locks/AbstractQueuedSynchronizer parkAndCheckInterrupt ()Z 1 22 orig 264 168 161 74 108 0 0 0 0 232 113 85 23 0 0 0 0 104 1 0 0 0 0 0 0 0 0 0 0 0 0 0 0 0 0 0 0 0 0 0 0 0 0 0 0 0 0 0 0 0 0 0 0 0 0 0 0 0 0 0 0 0 0 0 0 0 0 0 0 0 0 0 0 0 0 0 0 0 0 0 0 77 68 79 32 101 120 116 114 97 32 100 97 116 97 32 108 111 99 107 0 0 0 0 0 0 0 0 0 0 0 0 0 0 0 0 0 0 0 0 0 0 0 0 0 0 0 0 0 0 0 0 0 0 0 0 0 0 0 0 0 0 0 0 0 0 0 0 0 0 0 0 0 0 0 0 0 0 0 0 0 0 0 0 0 0 0 0 0 0 0 0 0 0 0 0 0 0 0 0 0 0 0 0 0 0 0 0 0 0 0 0 0 0 0 0 0 0 0 0 0 0 0 0 0 0 0 0 0 0 0 0 0 0 0 0 0 15 0 0 0 57 0 0 0 1 0 0 0 0 0 0 0 0 0 0 0 2 0 0 0 0 0 0 0 0 0 0 0 32 0 0 0 255 255 255 255 2 0 1 0 0 0 0 0 data 4 0x10002 0x7 0x40002 0x7 oops 0
ciMethod com/android/dx/command/dexer/Main updateStatus (Z)V 3065 1 1808 0 0
ciMethod com/android/dx/command/dexer/Main translateClass ([BLcom/android/dx/cf/direct/DirectClassFile;)Lcom/android/dx/dex/file/ClassDefItem; 32873 1 5661 0 0
ciMethod com/android/dx/command/dexer/Main addClassToDex (Lcom/android/dx/dex/file/ClassDefItem;)Z 3065 1 1806 0 0
ciMethod com/android/dx/command/dexer/Main access$1300 ()Lcom/android/dx/command/dexer/Main$Arguments; 2049 1 7335 0 0
ciMethod com/android/dx/command/dexer/Main access$1600 ()Ljava/lang/Object; 9233 1 5536 0 0
ciMethod com/android/dx/command/dexer/Main access$1800 ()I 9225 1 5665 0 0
ciMethod com/android/dx/command/dexer/Main access$2000 ()I 9225 1 5661 0 0
ciMethod com/android/dx/command/dexer/Main access$1802 (I)I 6153 1 3732 0 0
ciMethod com/android/dx/command/dexer/Main access$2002 (I)I 6153 1 3732 0 0
ciMethod com/android/dx/command/dexer/Main access$2700 ([BLcom/android/dx/cf/direct/DirectClassFile;)Lcom/android/dx/dex/file/ClassDefItem; 4097 1 2064 0 0
ciMethod com/android/dx/command/dexer/Main access$2800 (Lcom/android/dx/dex/file/ClassDefItem;)Z 3065 1 1803 0 0
ciMethod com/android/dx/command/dexer/Main access$2900 (Z)V 3065 1 1803 0 0
ciMethod com/android/dex/util/ExceptionWithContext printStackTrace (Ljava/io/PrintStream;)V 0 0 1 0 -1
ciMethod com/android/dex/util/ExceptionWithContext printContext (Ljava/io/PrintStream;)V 0 0 1 0 -1
ciMethod com/android/dx/dex/file/DexFile add (Lcom/android/dx/dex/file/ClassDefItem;)V 3065 1 1806 0 0
ciMethod com/android/dx/dex/file/DexFile getFieldIds ()Lcom/android/dx/dex/file/FieldIdsSection; 1129 1 141 0 -1
ciMethod com/android/dx/dex/file/DexFile getMethodIds ()Lcom/android/dx/dex/file/MethodIdsSection; 1345 1 168 0 -1
ciMethod com/android/dx/dex/file/Section throwIfPrepared ()V 4097 1 98023 0 0
ciMethod com/android/dx/rop/cst/CstType getClassType ()Lcom/android/dx/rop/type/Type; 1617 1 202 0 0
ciMethod com/android/dx/dex/file/FieldIdsSection intern (Lcom/android/dx/rop/cst/CstFieldRef;)Lcom/android/dx/dex/file/FieldIdItem; 3113 1 27054 0 -1
ciMethod com/android/dx/dex/file/MethodIdsSection intern (Lcom/android/dx/rop/cst/CstBaseMethodRef;)Lcom/android/dx/dex/file/MethodIdItem; 2049 1 46487 0 -1
ciMethod com/android/dx/dex/file/ClassDefsSection add (Lcom/android/dx/dex/file/ClassDefItem;)V 32801 1 5655 0 0
ciMethod com/android/dx/cf/direct/DirectClassFile getFilePath ()Ljava/lang/String; 0 0 1 0 0
ciMethod com/android/dx/cf/direct/DirectClassFile getAccessFlags ()I 2057 1 21239 0 -1
ciMethod com/android/dx/cf/direct/DirectClassFile getThisClass ()Lcom/android/dx/rop/cst/CstType; 6281 1 6087 0 -1
ciMethod com/android/dx/cf/direct/DirectClassFile getSuperclass ()Lcom/android/dx/rop/cst/CstType; 817 1 2582 0 -1
ciMethod com/android/dx/cf/direct/DirectClassFile getConstantPool ()Lcom/android/dx/rop/cst/ConstantPool; 2769 1 110030 0 -1
ciMethod com/android/dx/cf/direct/DirectClassFile getInterfaces ()Lcom/android/dx/rop/type/TypeList; 817 1 2582 0 -1
ciMethod com/android/dx/cf/direct/DirectClassFile getSourceFile ()Lcom/android/dx/rop/cst/CstString; 2473 1 21008 0 -1
ciMethod com/android/dx/rop/cst/ConstantPool size ()I 0 0 1 0 -1
ciMethod com/android/dx/rop/cst/ConstantPool getOrNull (I)Lcom/android/dx/rop/cst/Constant; 0 0 1 0 -1
ciMethod com/android/dx/rop/cst/CstInterfaceMethodRef toMethodRef ()Lcom/android/dx/rop/cst/CstMethodRef; 16497 1 9225 0 -1
ciMethod com/android/dx/rop/cst/CstEnumRef getFieldRef ()Lcom/android/dx/rop/cst/CstFieldRef; 865 1 108 0 -1
ciMethod com/android/dx/rop/annotation/Annotations size ()I 4097 1 31843 0 -1
ciMethod com/android/dx/command/dexer/Main$ClassTranslatorTask call ()Lcom/android/dx/dex/file/ClassDefItem; 4097 1 2057 0 0
ciMethod com/android/dx/command/dexer/Main$ClassTranslatorTask call ()Ljava/lang/Object; 32873 1 5654 0 0
ciMethod com/android/dx/command/dexer/Main$ClassDefItemConsumer call ()Ljava/lang/Boolean; 32841 1 5653 0 0
ciMethod com/android/dx/command/dexer/Main$ClassDefItemConsumer call ()Ljava/lang/Object; 32785 1 5653 0 0
ciMethod com/android/dx/dex/cf/CfTranslator translate (Lcom/android/dx/cf/direct/DirectClassFile;[BLcom/android/dx/dex/cf/CfOptions;Lcom/android/dx/dex/DexOptions;Lcom/android/dx/dex/file/DexFile;)Lcom/android/dx/dex/file/ClassDefItem; 32873 1 5661 0 0
ciMethod com/android/dx/dex/cf/CfTranslator translate0 (Lcom/android/dx/cf/direct/DirectClassFile;[BLcom/android/dx/dex/cf/CfOptions;Lcom/android/dx/dex/DexOptions;Lcom/android/dx/dex/file/DexFile;)Lcom/android/dx/dex/file/ClassDefItem; 961 135305 2600 0 49152
ciMethod com/android/dx/dex/cf/CfTranslator processFields (Lcom/android/dx/cf/direct/DirectClassFile;Lcom/android/dx/dex/file/ClassDefItem;Lcom/android/dx/dex/file/DexFile;)V 19769 91161 2600 0 -1
ciMethod com/android/dx/dex/cf/CfTranslator processMethods (Lcom/android/dx/cf/direct/DirectClassFile;Lcom/android/dx/dex/cf/CfOptions;Lcom/android/dx/dex/DexOptions;Lcom/android/dx/dex/file/ClassDefItem;Lcom/android/dx/dex/file/DexFile;)V 16385 149849 4948 0 -1
ciMethod com/android/dx/dex/cf/OptimizerOptions loadOptimizeLists (Ljava/lang/String;Ljava/lang/String;)V 19769 1 2600 0 -1
ciMethod com/android/dx/dex/file/ClassDefItem <init> (Lcom/android/dx/rop/cst/CstType;ILcom/android/dx/rop/cst/CstType;Lcom/android/dx/rop/type/TypeList;Lcom/android/dx/rop/cst/CstString;)V 19769 1 2600 0 -1
ciMethod com/android/dx/dex/file/ClassDefItem getThisClass ()Lcom/android/dx/rop/cst/CstType; 1025 1 128 0 0
ciMethod com/android/dx/dex/file/ClassDefItem setClassAnnotations (Lcom/android/dx/rop/annotation/Annotations;Lcom/android/dx/dex/file/DexFile;)V 577 1 1917 0 -1
ciMethod com/android/dx/dex/cf/AttributeTranslator getClassAnnotations (Lcom/android/dx/cf/direct/DirectClassFile;Lcom/android/dx/dex/cf/CfOptions;)Lcom/android/dx/rop/annotation/Annotations; 19769 1 2600 0 -1
ciMethodData com/android/dx/dex/file/Section throwIfPrepared ()V 2 98026 orig 264 168 161 74 108 0 0 0 0 8 143 110 23 0 0 0 0 80 1 0 0 0 0 0 0 0 0 0 0 0 0 0 0 0 0 0 0 0 0 0 0 0 0 0 0 0 0 0 0 0 0 0 0 0 0 0 0 0 0 0 0 0 0 0 0 0 0 0 0 0 0 0 0 0 0 0 0 0 0 0 0 77 68 79 32 101 120 116 114 97 32 100 97 116 97 32 108 111 99 107 0 0 0 0 0 0 0 0 0 0 0 0 0 0 0 0 0 0 0 0 0 0 0 0 0 0 0 0 0 0 0 0 0 0 0 0 0 0 0 0 0 0 0 0 0 0 0 0 0 0 0 0 0 0 0 0 0 0 0 0 0 0 0 0 0 0 0 0 0 0 0 0 0 0 0 0 0 0 0 0 0 0 0 0 0 25 0 0 0 0 0 0 0 0 0 0 0 0 0 0 0 1 0 0 0 0 0 0 0 0 0 0 0 0 0 0 0 0 2 0 0 81 231 11 0 1 0 0 0 0 0 0 0 0 0 0 0 2 0 0 0 0 0 5 0 2 0 0 0 48 0 0 0 255 255 255 255 7 0 4 0 0 0 0 0 data 6 0x40007 0x17cea 0x30 0x0 0xd0002 0x0 oops 0
ciMethodData com/android/dx/command/dexer/Main access$1300 ()Lcom/android/dx/command/dexer/Main$Arguments; 2 7358 orig 264 168 161 74 108 0 0 0 0 16 121 109 23 0 0 0 0 24 1 0 0 0 0 0 0 0 0 0 0 0 0 0 0 0 0 0 0 0 0 0 0 0 0 0 0 0 0 0 0 0 0 0 0 0 0 0 0 0 0 0 0 0 0 0 0 0 0 0 0 0 0 0 0 0 0 0 0 0 0 0 0 77 68 79 32 101 120 116 114 97 32 100 97 116 97 32 108 111 99 107 0 0 0 0 0 0 0 0 0 0 0 0 0 0 0 0 0 0 0 0 0 0 0 0 0 0 0 0 0 0 0 0 0 0 0 0 0 0 0 0 0 0 0 0 0 0 0 0 0 0 0 0 0 0 0 0 0 0 0 0 0 0 0 0 0 0 0 0 0 0 0 0 0 0 0 0 0 0 0 0 0 0 0 0 0 0 0 0 0 0 0 0 0 0 0 0 0 0 0 0 0 0 0 0 0 0 0 0 0 0 0 0 0 0 0 0 0 0 1 0 0 241 221 0 0 1 0 0 0 0 0 0 0 0 0 0 0 2 0 0 0 0 0 3 0 1 0 0 0 0 0 0 0 255 255 255 255 0 0 0 0 0 0 0 0 data 0 oops 0
ciMethodData com/android/dx/command/dexer/Main access$1800 ()I 2 5684 orig 264 168 161 74 108 0 0 0 0 0 124 109 23 0 0 0 0 24 1 0 0 0 0 0 0 0 0 0 0 0 0 0 0 0 0 0 0 0 0 0 0 0 0 0 0 0 0 0 0 0 0 0 0 0 0 0 0 0 0 0 0 0 0 0 0 0 0 0 0 0 0 0 0 0 0 0 0 0 0 0 0 77 68 79 32 101 120 116 114 97 32 100 97 116 97 32 108 111 99 107 0 0 0 0 0 0 0 0 0 0 0 0 0 0 0 0 0 0 0 0 0 0 0 0 0 0 0 0 0 0 0 0 0 0 0 0 0 0 0 0 0 0 0 0 0 0 0 0 0 0 0 0 0 0 0 0 0 0 0 0 0 0 0 0 0 0 0 0 0 0 0 0 0 0 0 0 0 0 0 0 0 0 0 0 0 0 0 0 0 0 0 0 0 0 0 0 0 0 0 0 0 0 0 0 0 0 0 0 0 0 0 0 0 0 0 0 0 1 1 0 0 153 141 0 0 1 0 0 0 0 0 0 0 0 0 0 0 2 0 0 0 0 0 3 0 1 0 0 0 0 0 0 0 255 255 255 255 0 0 0 0 0 0 0 0 data 0 oops 0
ciMethodData com/android/dx/command/dexer/Main access$2000 ()I 2 5680 orig 264 168 161 74 108 0 0 0 0 144 124 109 23 0 0 0 0 24 1 0 0 0 0 0 0 0 0 0 0 0 0 0 0 0 0 0 0 0 0 0 0 0 0 0 0 0 0 0 0 0 0 0 0 0 0 0 0 0 0 0 0 0 0 0 0 0 0 0 0 0 0 0 0 0 0 0 0 0 0 0 0 77 68 79 32 101 120 116 114 97 32 100 97 116 97 32 108 111 99 107 0 0 0 0 0 0 0 0 0 0 0 0 0 0 0 0 0 0 0 0 0 0 0 0 0 0 0 0 0 0 0 0 0 0 0 0 0 0 0 0 0 0 0 0 0 0 0 0 0 0 0 0 0 0 0 0 0 0 0 0 0 0 0 0 0 0 0 0 0 0 0 0 0 0 0 0 0 0 0 0 0 0 0 0 0 0 0 0 0 0 0 0 0 0 0 0 0 0 0 0 0 0 0 0 0 0 0 0 0 0 0 0 0 0 0 0 0 1 1 0 0 121 141 0 0 1 0 0 0 0 0 0 0 0 0 0 0 2 0 0 0 0 0 3 0 1 0 0 0 0 0 0 0 255 255 255 255 0 0 0 0 0 0 0 0 data 0 oops 0
ciMethodData com/android/dx/dex/cf/CfTranslator translate0 (Lcom/android/dx/cf/direct/DirectClassFile;[BLcom/android/dx/dex/cf/CfOptions;Lcom/android/dx/dex/DexOptions;Lcom/android/dx/dex/file/DexFile;)Lcom/android/dx/dex/file/ClassDefItem; 2 312633 orig 264 168 161 74 108 0 0 0 0 200 112 115 23 0 0 0 0 240 7 0 0 112 6 0 0 0 0 0 0 0 0 0 0 0 0 0 0 0 0 0 0 0 0 0 0 0 0 0 0 0 0 0 0 0 0 0 0 0 0 0 0 0 0 0 0 0 0 0 0 0 0 0 0 0 0 0 0 0 0 0 0 77 68 79 32 101 120 116 114 97 32 100 97 116 97 32 108 111 99 107 0 0 0 0 0 0 0 0 0 0 0 0 0 0 0 0 0 0 0 0 0 0 0 0 0 0 0 0 0 0 0 0 0 0 0 0 0 0 0 0 0 0 0 0 0 0 0 0 0 0 0 0 0 0 0 0 0 0 0 0 0 0 0 0 0 0 0 0 0 0 0 0 0 0 0 0 0 0 0 0 0 0 0 0 0 0 0 0 0 0 0 0 0 0 0 0 0 0 0 0 0 0 0 0 0 0 0 0 0 0 0 0 0 0 0 0 0 0 56 0 0 129 77 0 0 65 25 36 0 0 0 0 0 0 0 0 0 2 0 0 0 1 0 64 0 2 0 0 0 136 6 0 0 255 255 255 255 2 0 8 0 0 0 0 0 data 209 0x80002 0x9b0 0xc0005 0x0 0x1960cd40 0x9b0 0x0 0x0 0x120005 0x0 0x1960cd40 0x9b0 0x0 0x0 0x1f0007 0x9b0 0x38 0x0 0x230003 0x0 0x48 0x270005 0x0 0x1960cd40 0x9b0 0x0 0x0 0x350005 0x0 0x1960cd40 0x9b0 0x0 0x0 0x390005 0x0 0x1960cd40 0x9b0 0x0 0x0 0x3e0002 0x9b0 0x450002 0x9b0 0x4c0005 0x0 0x19fe1f70 0x9af 0x0 0x0 0x4f0007 0x27b 0x50 0x735 0x580005 0x0 0x1a6a8960 0x735 0x0 0x0 0x5d0005 0x0 0x1b270120 0x9b0 0x0 0x0 0x640005 0x0 0x1b270120 0x9b0 0x0 0x0 0x6e0002 0x9b0 0x780002 0x9b0 0x7c0005 0x0 0x1960cd40 0x9b0 0x0 0x0 0x830005 0x0 0x1ae93cd0 0x9b0 0x0 0x0 0x910007 0x9b1 0x3d0 0x47fbb 0x980005 0x0 0x1ae93cd0 0x47fbb 0x0 0x0 0xa10104 0xfffffffffffbfe70 0x19fe1430 0x25b 0x1b274970 0x46 0xa40007 0x40beb 0x98 0x73d3 0xab0004 0x0 0x1d608ee0 0x73d3 0x0 0x0 0xae0005 0x6 0x1d607d80 0x73cd 0x0 0x0 0xb20003 0x73d3 0x2b8 0xb70104 0xfffffffffffc0be0 0x19fe1430 0x25b 0x1b274970 0x46 0xba0007 0x3fe7b 0xc8 0xd71 0xc10004 0x0 0x1d6093a0 0xd71 0x0 0x0 0xc40005 0x0 0x1d6093a0 0xd71 0x0 0x0 0xc70005 0x0 0x1d607d80 0xd71 0x0 0x0 0xcb0003 0xd71 0x1c0 0xd00104 0xfffffffffffc4167 0x19fe1430 0x25b 0x1b274970 0x46 0xd30007 0x3c8f5 0x98 0x358d 0xda0004 0x0 0x1d609860 0x358d 0x0 0x0 0xdd0005 0x3 0x19fe2710 0x358a 0x0 0x0 0xe10003 0x358d 0xf8 0xe60104 0xfffffffffffc4167 0x19fe1430 0x25b 0x1b274970 0x46 0xe90007 0x3c8f5 0xb0 0x0 0xf00004 0x0 0x0 0x0 0x0 0x0 0xf30005 0x0 0x0 0x0 0x0 0x0 0xf60005 0x0 0x0 0x0 0x0 0x0 0xfd0003 0x47fbd 0xfffffffffffffc48 oops 27 4 com/android/dx/cf/direct/DirectClassFile 10 com/android/dx/cf/direct/DirectClassFile 23 com/android/dx/cf/direct/DirectClassFile 29 com/android/dx/cf/direct/DirectClassFile 35 com/android/dx/cf/direct/DirectClassFile 45 com/android/dx/rop/annotation/Annotations 55 com/android/dx/dex/file/ClassDefItem 61 com/android/dx/dex/file/DexFile 67 com/android/dx/dex/file/DexFile 77 com/android/dx/cf/direct/DirectClassFile 83 com/android/dx/rop/cst/StdConstantPool 93 com/android/dx/rop/cst/StdConstantPool 99 com/android/dx/rop/cst/CstString 101 com/android/dx/rop/cst/CstType 109 com/android/dx/rop/cst/CstMethodRef 115 com/android/dx/dex/file/MethodIdsSection 124 com/android/dx/rop/cst/CstString 126 com/android/dx/rop/cst/CstType 134 com/android/dx/rop/cst/CstInterfaceMethodRef 140 com/android/dx/rop/cst/CstInterfaceMethodRef 146 com/android/dx/dex/file/MethodIdsSection 155 com/android/dx/rop/cst/CstString 157 com/android/dx/rop/cst/CstType 165 com/android/dx/rop/cst/CstFieldRef 171 com/android/dx/dex/file/FieldIdsSection 180 com/android/dx/rop/cst/CstString 182 com/android/dx/rop/cst/CstType
ciMethodData com/android/dx/command/dexer/Main access$1600 ()Ljava/lang/Object; 2 5553 orig 264 168 161 74 108 0 0 0 0 224 122 109 23 0 0 0 0 24 1 0 0 0 0 0 0 0 0 0 0 0 0 0 0 0 0 0 0 0 0 0 0 0 0 0 0 0 0 0 0 0 0 0 0 0 0 0 0 0 0 0 0 0 0 0 0 0 0 0 0 0 0 0 0 0 0 0 0 0 0 0 0 77 68 79 32 101 120 116 114 97 32 100 97 116 97 32 108 111 99 107 0 0 0 0 0 0 0 0 0 0 0 0 0 0 0 0 0 0 0 0 0 0 0 0 0 0 0 0 0 0 0 0 0 0 0 0 0 0 0 0 0 0 0 0 0 0 0 0 0 0 0 0 0 0 0 0 0 0 0 0 0 0 0 0 0 0 0 0 0 0 0 0 0 0 0 0 0 0 0 0 0 0 0 0 0 0 0 0 0 0 0 0 0 0 0 0 0 0 0 0 0 0 0 0 0 0 0 0 0 0 0 0 0 0 0 0 0 128 1 0 0 121 137 0 0 1 0 0 0 0 0 0 0 0 0 0 0 2 0 0 0 0 0 3 0 1 0 0 0 0 0 0 0 255 255 255 255 0 0 0 0 0 0 0 0 data 0 oops 0
ciMethodData com/android/dx/command/dexer/Main access$1802 (I)I 2 3744 orig 264 168 161 74 108 0 0 0 0 192 125 109 23 0 0 0 0 32 1 0 0 0 0 0 0 0 0 0 0 0 0 0 0 0 0 0 0 0 0 0 0 0 0 0 0 0 0 0 0 0 0 0 0 0 0 0 0 0 0 0 0 0 0 0 0 0 0 0 0 0 0 0 0 0 0 0 0 0 0 0 0 77 68 79 32 101 120 116 114 97 32 100 97 116 97 32 108 111 99 107 0 0 0 0 0 0 0 0 0 0 0 0 0 0 0 0 0 0 0 0 0 0 0 0 0 0 0 0 0 0 0 0 0 0 0 0 0 0 0 0 0 0 0 0 0 0 0 0 0 0 0 0 0 0 0 0 0 0 0 0 0 0 0 0 0 0 0 0 0 0 0 0 0 0 0 0 0 0 0 0 0 0 0 0 0 0 0 0 0 0 0 0 0 0 0 0 0 0 0 0 0 0 0 0 0 0 0 0 0 0 0 0 0 0 0 0 0 0 1 0 0 249 92 0 0 1 0 0 0 0 0 0 0 0 0 0 0 2 0 0 0 0 0 3 0 1 0 0 0 0 0 0 0 255 255 255 255 0 0 0 0 0 0 0 0 data 0 oops 0
ciMethodData com/android/dx/command/dexer/Main access$2002 (I)I 2 3744 orig 264 168 161 74 108 0 0 0 0 96 126 109 23 0 0 0 0 32 1 0 0 0 0 0 0 0 0 0 0 0 0 0 0 0 0 0 0 0 0 0 0 0 0 0 0 0 0 0 0 0 0 0 0 0 0 0 0 0 0 0 0 0 0 0 0 0 0 0 0 0 0 0 0 0 0 0 0 0 0 0 0 77 68 79 32 101 120 116 114 97 32 100 97 116 97 32 108 111 99 107 0 0 0 0 0 0 0 0 0 0 0 0 0 0 0 0 0 0 0 0 0 0 0 0 0 0 0 0 0 0 0 0 0 0 0 0 0 0 0 0 0 0 0 0 0 0 0 0 0 0 0 0 0 0 0 0 0 0 0 0 0 0 0 0 0 0 0 0 0 0 0 0 0 0 0 0 0 0 0 0 0 0 0 0 0 0 0 0 0 0 0 0 0 0 0 0 0 0 0 0 0 0 0 0 0 0 0 0 0 0 0 0 0 0 0 0 0 0 1 0 0 249 92 0 0 1 0 0 0 0 0 0 0 0 0 0 0 2 0 0 0 0 0 3 0 1 0 0 0 0 0 0 0 255 255 255 255 0 0 0 0 0 0 0 0 data 0 oops 0
ciMethodData com/android/dx/command/dexer/Main$ClassDefItemConsumer call ()Ljava/lang/Object; 2 5653 orig 264 168 161 74 108 0 0 0 0 32 83 115 23 0 0 0 0 120 1 0 0 0 0 0 0 0 0 0 0 0 0 0 0 0 0 0 0 0 0 0 0 0 0 0 0 0 0 0 0 0 0 0 0 0 0 0 0 0 0 0 0 0 0 0 0 0 0 0 0 0 0 0 0 0 0 0 0 0 0 0 0 77 68 79 32 101 120 116 114 97 32 100 97 116 97 32 108 111 99 107 0 0 0 0 0 0 0 0 0 0 0 0 0 0 0 0 0 0 0 0 0 0 0 0 0 0 0 0 0 0 0 0 0 0 0 0 0 0 0 0 0 0 0 0 0 0 0 0 0 0 0 0 0 0 0 0 0 0 0 0 0 0 0 0 0 0 0 0 0 0 0 0 0 0 0 0 0 0 0 0 0 0 0 0 0 0 0 0 0 0 0 0 0 0 0 0 0 0 0 0 0 0 0 0 0 0 0 0 0 0 0 0 0 0 0 0 0 0 1 0 0 153 48 0 0 1 0 0 0 0 0 0 0 0 0 0 0 2 0 0 0 0 0 3 0 2 0 0 0 48 0 0 0 255 255 255 255 5 0 1 0 0 0 0 0 data 6 0x10005 0x0 0x1aed15f0 0x613 0x0 0x0 oops 1 2 com/android/dx/command/dexer/Main$ClassDefItemConsumer
ciMethodData com/android/dx/command/dexer/Main$ClassDefItemConsumer call ()Ljava/lang/Boolean; 2 5653 orig 264 168 161 74 108 0 0 0 0 8 82 115 23 0 0 0 0 112 4 0 0 56 2 0 0 0 0 0 0 0 0 0 0 0 0 0 0 0 0 0 0 0 0 0 0 0 0 0 0 0 0 0 0 0 0 0 0 0 0 0 0 0 0 0 0 0 0 0 0 0 0 0 0 0 0 0 0 0 0 0 0 77 68 79 32 101 120 116 114 97 32 100 97 116 97 32 108 111 99 107 0 0 0 0 0 0 0 0 0 0 0 0 0 0 0 0 0 0 0 0 0 0 0 0 0 0 0 0 0 0 0 0 0 0 0 0 0 0 0 0 0 0 0 0 0 0 0 0 0 0 0 0 0 0 0 0 0 0 0 0 0 0 0 0 0 0 0 0 0 0 0 0 0 0 0 0 0 0 0 0 0 0 0 0 0 0 0 0 0 0 0 0 0 0 0 0 0 0 0 0 0 0 0 0 0 0 0 0 0 0 0 0 0 0 0 0 0 0 1 0 0 97 48 0 0 1 0 0 0 0 0 0 0 0 0 0 0 2 0 0 0 0 0 41 0 2 0 0 0 40 3 0 0 255 255 255 255 5 0 4 0 0 0 0 0 data 101 0x40005 0x0 0x1da1e880 0x60c 0x0 0x0 0x90004 0x0 0x1a6a8960 0x60b 0x0 0x0 0xe0007 0x0 0x40 0x60b 0x120002 0x60b 0x170002 0x60b 0x1b0002 0x60b 0x1f0002 0x60b 0x250007 0x0 0xc8 0x60b 0x280002 0x60b 0x2e0002 0x60b 0x360002 0x60b 0x3a0002 0x60b 0x420002 0x60b 0x460002 0x60b 0x490005 0x81 0x2f5ab60 0x58a 0x0 0x0 0x4e0003 0x60b 0x18 0x5c0005 0x0 0x0 0x0 0x0 0x0 0x610004 0x0 0x0 0x0 0x0 0x0 0x640007 0x0 0x68 0x0 0x680004 0x0 0x0 0x0 0x0 0x0 0x6b0003 0x0 0x18 0x720002 0x0 0x780007 0x0 0xc8 0x0 0x7b0002 0x0 0x820002 0x0 0x8a0002 0x0 0x8e0002 0x0 0x960002 0x0 0x9a0002 0x0 0x9d0005 0x0 0x0 0x0 0x0 0x0 0xa30003 0x0 0x18 oops 3 2 java/util/concurrent/FutureTask 8 com/android/dx/dex/file/ClassDefItem 42 java/lang/Object
ciMethodData com/android/dx/command/dexer/Main access$2800 (Lcom/android/dx/dex/file/ClassDefItem;)Z 2 1806 orig 264 168 161 74 108 0 0 0 0 96 129 109 23 0 0 0 0 88 1 0 0 0 0 0 0 0 0 0 0 0 0 0 0 0 0 0 0 0 0 0 0 0 0 0 0 0 0 0 0 0 0 0 0 0 0 0 0 0 0 0 0 0 0 0 0 0 0 0 0 0 0 0 0 0 0 0 0 0 0 0 0 77 68 79 32 101 120 116 114 97 32 100 97 116 97 32 108 111 99 107 0 0 0 0 0 0 0 0 0 0 0 0 0 0 0 0 0 0 0 0 0 0 0 0 0 0 0 0 0 0 0 0 0 0 0 0 0 0 0 0 0 0 0 0 0 0 0 0 0 0 0 0 0 0 0 0 0 0 0 0 0 0 0 0 0 0 0 0 0 0 0 0 0 0 0 0 0 0 0 0 0 0 0 0 0 0 0 0 0 0 0 0 0 0 0 0 0 0 0 0 0 0 0 0 0 0 0 0 0 0 0 0 0 0 0 0 0 127 1 0 0 121 44 0 0 1 0 0 0 0 0 0 0 0 0 0 0 2 0 0 0 0 0 0 0 0 0 0 0 16 0 0 0 255 255 255 255 2 0 1 0 0 0 0 0 data 2 0x10002 0x58f oops 0
ciMethodData com/android/dx/command/dexer/Main addClassToDex (Lcom/android/dx/dex/file/ClassDefItem;)Z 2 1806 orig 264 168 161 74 108 0 0 0 0 144 102 109 23 0 0 0 0 144 1 0 0 0 0 0 0 0 0 0 0 0 0 0 0 0 0 0 0 0 0 0 0 0 0 0 0 0 0 0 0 0 0 0 0 0 0 0 0 0 0 0 0 0 0 0 0 0 0 0 0 0 0 0 0 0 0 0 0 0 0 0 0 77 68 79 32 101 120 116 114 97 32 100 97 116 97 32 108 111 99 107 0 0 0 0 0 0 0 0 0 0 0 0 0 0 0 0 0 0 0 0 0 0 0 0 0 0 0 0 0 0 0 0 0 0 0 0 0 0 0 0 0 0 0 0 0 0 0 0 0 0 0 0 0 0 0 0 0 0 0 0 0 0 0 0 0 0 0 0 0 0 0 0 0 0 0 0 0 0 0 0 0 0 0 0 0 0 0 0 0 0 0 0 0 0 0 0 0 0 0 0 0 0 0 0 0 0 0 0 0 0 0 0 0 0 0 0 0 127 1 0 0 121 44 0 0 1 0 0 0 0 0 0 0 0 0 0 0 2 0 0 0 0 0 0 0 0 0 0 0 72 0 0 0 255 255 255 255 5 0 10 0 0 0 0 0 data 9 0xa0005 0x2 0x1b270120 0x58d 0x0 0x0 0xf0003 0x58f 0x18 oops 1 2 com/android/dx/dex/file/DexFile
ciMethodData com/android/dx/dex/file/DexFile add (Lcom/android/dx/dex/file/ClassDefItem;)V 2 1806 orig 264 168 161 74 108 0 0 0 0 224 100 110 23 0 0 0 0 128 1 0 0 0 0 0 0 0 0 0 0 0 0 0 0 0 0 0 0 0 0 0 0 0 0 0 0 0 0 0 0 0 0 0 0 0 0 0 0 0 0 0 0 0 0 0 0 0 0 0 0 0 0 0 0 0 0 0 0 0 0 0 0 77 68 79 32 101 120 116 114 97 32 100 97 116 97 32 108 111 99 107 0 0 0 0 0 0 0 0 0 0 0 0 0 0 0 0 0 0 0 0 0 0 0 0 0 0 0 0 0 0 0 0 0 0 0 0 0 0 0 0 0 0 0 0 0 0 0 0 0 0 0 0 0 0 0 0 0 0 0 0 0 0 0 0 0 0 0 0 0 0 0 0 0 0 0 0 0 0 0 0 0 0 0 0 0 0 0 0 0 0 0 0 0 0 0 0 0 0 0 0 0 0 0 0 0 0 0 0 0 0 0 0 0 0 0 0 0 127 1 0 0 121 44 0 0 1 0 0 0 0 0 0 0 0 0 0 0 2 0 0 0 0 0 0 0 0 0 0 0 48 0 0 0 255 255 255 255 5 0 5 0 0 0 0 0 data 6 0x50005 0x2 0x1b272a80 0x58d 0x0 0x0 oops 1 2 com/android/dx/dex/file/ClassDefsSection
ciMethodData com/android/dx/dex/file/ClassDefsSection add (Lcom/android/dx/dex/file/ClassDefItem;)V 2 5656 orig 264 168 161 74 108 0 0 0 0 0 200 111 23 0 0 0 0 56 3 0 0 168 1 0 0 0 0 0 0 0 0 0 0 0 0 0 0 0 0 0 0 0 0 0 0 0 0 0 0 0 0 0 0 0 0 0 0 0 0 0 0 0 0 0 0 0 0 0 0 0 0 0 0 0 0 0 0 0 0 0 0 77 68 79 32 101 120 116 114 97 32 100 97 116 97 32 108 111 99 107 0 0 0 0 0 0 0 0 0 0 0 0 0 0 0 0 0 0 0 0 0 0 0 0 0 0 0 0 0 0 0 0 0 0 0 0 0 0 0 0 0 0 0 0 0 0 0 0 0 0 0 0 0 0 0 0 0 0 0 0 0 0 0 0 0 0 0 0 0 0 0 0 0 0 0 0 0 0 0 0 0 0 0 0 0 0 0 0 0 0 0 0 0 0 0 0 0 0 0 0 0 0 0 0 0 0 0 0 0 0 0 0 0 0 0 0 0 127 1 0 0 153 48 0 0 1 0 0 0 0 0 0 0 0 0 0 0 2 0 0 0 0 0 20 0 2 0 0 0 232 1 0 0 255 255 255 255 5 0 1 0 0 0 0 0 data 61 0x10005 0x85 0x1a6a8960 0x58e 0x0 0x0 0x40005 0x85 0x1b274970 0x58e 0x0 0x0 0x80003 0x613 0x28 0x120002 0x0 0x170005 0x85 0x1b272a80 0x58e 0x0 0x0 0x1f0005 0x0 0x1b2753f0 0x613 0x0 0x0 0x220007 0x613 0xd0 0x0 0x2d0002 0x0 0x320005 0x0 0x0 0x0 0x0 0x0 0x360005 0x0 0x0 0x0 0x0 0x0 0x390005 0x0 0x0 0x0 0x0 0x0 0x3c0002 0x0 0x460005 0x0 0x1b2753f0 0x613 0x0 0x0 oops 5 2 com/android/dx/dex/file/ClassDefItem 8 com/android/dx/rop/cst/CstType 19 com/android/dx/dex/file/ClassDefsSection 25 java/util/TreeMap 57 java/util/TreeMap
ciMethodData com/android/dx/command/dexer/Main access$2900 (Z)V 2 1808 orig 264 168 161 74 108 0 0 0 0 0 130 109 23 0 0 0 0 88 1 0 0 0 0 0 0 0 0 0 0 0 0 0 0 0 0 0 0 0 0 0 0 0 0 0 0 0 0 0 0 0 0 0 0 0 0 0 0 0 0 0 0 0 0 0 0 0 0 0 0 0 0 0 0 0 0 0 0 0 0 0 0 77 68 79 32 101 120 116 114 97 32 100 97 116 97 32 108 111 99 107 0 0 0 0 0 0 0 0 0 0 0 0 0 0 0 0 0 0 0 0 0 0 0 0 0 0 0 0 0 0 0 0 0 0 0 0 0 0 0 0 0 0 0 0 0 0 0 0 0 0 0 0 0 0 0 0 0 0 0 0 0 0 0 0 0 0 0 0 0 0 0 0 0 0 0 0 0 0 0 0 0 0 0 0 0 0 0 0 0 0 0 0 0 0 0 0 0 0 0 0 0 0 0 0 0 0 0 0 0 0 0 0 0 0 0 0 0 127 1 0 0 137 44 0 0 1 0 0 0 0 0 0 0 0 0 0 0 2 0 0 0 0 0 0 0 0 0 0 0 16 0 0 0 255 255 255 255 2 0 1 0 0 0 0 0 data 2 0x10002 0x591 oops 0
ciMethodData com/android/dx/command/dexer/Main updateStatus (Z)V 2 1808 orig 264 168 161 74 108 0 0 0 0 224 95 109 23 0 0 0 0 32 1 0 0 0 0 0 0 0 0 0 0 0 0 0 0 0 0 0 0 0 0 0 0 0 0 0 0 0 0 0 0 0 0 0 0 0 0 0 0 0 0 0 0 0 0 0 0 0 0 0 0 0 0 0 0 0 0 0 0 0 0 0 0 77 68 79 32 101 120 116 114 97 32 100 97 116 97 32 108 111 99 107 0 0 0 0 0 0 0 0 0 0 0 0 0 0 0 0 0 0 0 0 0 0 0 0 0 0 0 0 0 0 0 0 0 0 0 0 0 0 0 0 0 0 0 0 0 0 0 0 0 0 0 0 0 0 0 0 0 0 0 0 0 0 0 0 0 0 0 0 0 0 0 0 0 0 0 0 0 0 0 0 0 0 0 0 0 0 0 0 0 0 0 0 0 0 0 0 0 0 0 0 0 0 0 0 0 0 0 0 0 0 0 0 0 0 0 0 0 127 1 0 0 137 44 0 0 1 0 0 0 0 0 0 0 0 0 0 0 2 0 0 0 0 0 0 0 0 0 0 0 0 0 0 0 255 255 255 255 0 0 0 0 0 0 0 0 data 0 oops 0
ciMethodData com/android/dx/command/dexer/Main$ClassTranslatorTask call ()Ljava/lang/Object; 2 5661 orig 264 168 161 74 108 0 0 0 0 248 70 115 23 0 0 0 0 120 1 0 0 0 0 0 0 0 0 0 0 0 0 0 0 0 0 0 0 0 0 0 0 0 0 0 0 0 0 0 0 0 0 0 0 0 0 0 0 0 0 0 0 0 0 0 0 0 0 0 0 0 0 0 0 0 0 0 0 0 0 0 0 77 68 79 32 101 120 116 114 97 32 100 97 116 97 32 108 111 99 107 0 0 0 0 0 0 0 0 0 0 0 0 0 0 0 0 0 0 0 0 0 0 0 0 0 0 0 0 0 0 0 0 0 0 0 0 0 0 0 0 0 0 0 0 0 0 0 0 0 0 0 0 0 0 0 0 0 0 0 0 0 0 0 0 0 0 0 0 0 0 0 0 0 0 0 0 0 0 0 0 0 0 0 0 0 0 0 0 0 0 0 0 0 0 0 0 0 0 0 0 0 0 0 0 0 0 0 0 0 0 0 0 0 0 0 0 0 0 2 0 0 129 48 0 0 1 0 0 0 0 0 0 0 0 0 0 0 2 0 0 0 0 0 3 0 2 0 0 0 48 0 0 0 255 255 255 255 5 0 1 0 0 0 0 0 data 6 0x10005 0x0 0x1aed1540 0x610 0x0 0x0 oops 1 2 com/android/dx/command/dexer/Main$ClassTranslatorTask
ciMethodData com/android/dx/command/dexer/Main$ClassTranslatorTask call ()Lcom/android/dx/dex/file/ClassDefItem; 2 2064 orig 264 168 161 74 108 0 0 0 0 80 70 115 23 0 0 0 0 88 1 0 0 0 0 0 0 0 0 0 0 0 0 0 0 0 0 0 0 0 0 0 0 0 0 0 0 0 0 0 0 0 0 0 0 0 0 0 0 0 0 0 0 0 0 0 0 0 0 0 0 0 0 0 0 0 0 0 0 0 0 0 0 77 68 79 32 101 120 116 114 97 32 100 97 116 97 32 108 111 99 107 0 0 0 0 0 0 0 0 0 0 0 0 0 0 0 0 0 0 0 0 0 0 0 0 0 0 0 0 0 0 0 0 0 0 0 0 0 0 0 0 0 0 0 0 0 0 0 0 0 0 0 0 0 0 0 0 0 0 0 0 0 0 0 0 0 0 0 0 0 0 0 0 0 0 0 0 0 0 0 0 0 0 0 0 0 0 0 0 0 0 0 0 0 0 0 0 0 0 0 0 0 0 0 0 0 0 0 0 0 0 0 0 0 0 0 0 0 0 2 0 0 129 48 0 0 1 0 0 0 0 0 0 0 0 0 0 0 2 0 0 0 0 0 3 0 2 0 0 0 16 0 0 0 255 255 255 255 2 0 8 0 0 0 0 0 data 2 0x80002 0x610 oops 0
ciMethodData com/android/dx/command/dexer/Main access$2700 ([BLcom/android/dx/cf/direct/DirectClassFile;)Lcom/android/dx/dex/file/ClassDefItem; 2 2064 orig 264 168 161 74 108 0 0 0 0 192 128 109 23 0 0 0 0 96 1 0 0 0 0 0 0 0 0 0 0 0 0 0 0 0 0 0 0 0 0 0 0 0 0 0 0 0 0 0 0 0 0 0 0 0 0 0 0 0 0 0 0 0 0 0 0 0 0 0 0 0 0 0 0 0 0 0 0 0 0 0 0 77 68 79 32 101 120 116 114 97 32 100 97 116 97 32 108 111 99 107 0 0 0 0 0 0 0 0 0 0 0 0 0 0 0 0 0 0 0 0 0 0 0 0 0 0 0 0 0 0 0 0 0 0 0 0 0 0 0 0 0 0 0 0 0 0 0 0 0 0 0 0 0 0 0 0 0 0 0 0 0 0 0 0 0 0 0 0 0 0 0 0 0 0 0 0 0 0 0 0 0 0 0 0 0 0 0 0 0 0 0 0 0 0 0 0 0 0 0 0 0 0 0 0 0 0 0 0 0 0 0 0 0 0 0 0 0 0 2 0 0 129 48 0 0 1 0 0 0 0 0 0 0 0 0 0 0 2 0 0 0 0 0 3 0 2 0 0 0 16 0 0 0 255 255 255 255 2 0 2 0 0 0 0 0 data 2 0x20002 0x610 oops 0
ciMethodData com/android/dx/command/dexer/Main translateClass ([BLcom/android/dx/cf/direct/DirectClassFile;)Lcom/android/dx/dex/file/ClassDefItem; 2 5662 orig 264 168 161 74 108 0 0 0 0 168 101 109 23 0 0 0 0 88 2 0 0 168 0 0 0 0 0 0 0 0 0 0 0 0 0 0 0 0 0 0 0 0 0 0 0 0 0 0 0 0 0 0 0 0 0 0 0 0 0 0 0 0 0 0 0 0 0 0 0 0 0 0 0 0 0 0 0 0 0 0 0 77 68 79 32 101 120 116 114 97 32 100 97 116 97 32 108 111 99 107 0 0 0 0 0 0 0 0 0 0 0 0 0 0 0 0 0 0 0 0 0 0 0 0 0 0 0 0 0 0 0 0 0 0 0 0 0 0 0 0 0 0 0 0 0 0 0 0 0 0 0 0 0 0 0 0 0 0 0 0 0 0 0 0 0 0 0 0 0 0 0 0 0 0 0 0 0 0 0 0 0 0 0 0 0 0 0 0 0 0 0 0 0 0 0 0 0 0 0 0 0 0 0 0 0 0 0 0 0 0 0 0 0 0 0 0 0 0 2 0 0 129 48 0 0 1 0 0 0 0 0 0 0 0 0 0 0 2 0 0 0 0 0 16 0 2 0 0 0 8 1 0 0 255 255 255 255 2 0 17 0 0 0 0 0 data 33 0x110002 0x610 0x1b0005 0x0 0x0 0x0 0x0 0x0 0x240007 0x0 0x68 0x0 0x2b0005 0x0 0x0 0x0 0x0 0x0 0x2e0003 0x0 0x48 0x350005 0x0 0x0 0x0 0x0 0x0 0x3b0005 0x0 0x0 0x0 0x0 0x0 oops 0
ciMethodData com/android/dx/dex/cf/CfTranslator translate (Lcom/android/dx/cf/direct/DirectClassFile;[BLcom/android/dx/dex/cf/CfOptions;Lcom/android/dx/dex/DexOptions;Lcom/android/dx/dex/file/DexFile;)Lcom/android/dx/dex/file/ClassDefItem; 2 5662 orig 264 168 161 74 108 0 0 0 0 56 110 115 23 0 0 0 0 88 2 0 0 0 0 0 0 0 0 0 0 0 0 0 0 0 0 0 0 0 0 0 0 0 0 0 0 0 0 0 0 0 0 0 0 0 0 0 0 0 0 0 0 0 0 0 0 0 0 0 0 0 0 0 0 0 0 0 0 0 0 0 0 77 68 79 32 101 120 116 114 97 32 100 97 116 97 32 108 111 99 107 0 0 0 0 0 0 0 0 0 0 0 0 0 0 0 0 0 0 0 0 0 0 0 0 0 0 0 0 0 0 0 0 0 0 0 0 0 0 0 0 0 0 0 0 0 0 0 0 0 0 0 0 0 0 0 0 0 0 0 0 0 0 0 0 0 0 0 0 0 0 0 0 0 0 0 0 0 0 0 0 0 0 0 0 0 0 0 0 0 0 0 0 0 0 0 0 0 0 0 0 0 0 0 0 0 0 0 0 0 0 0 0 0 0 0 0 0 0 2 0 0 137 48 0 0 1 0 0 0 0 0 0 0 0 0 0 0 2 0 0 0 0 0 5 0 2 0 0 0 240 0 0 0 255 255 255 255 2 0 6 0 0 0 0 0 data 30 0x60002 0x611 0x100002 0x0 0x150005 0x0 0x0 0x0 0x0 0x0 0x190005 0x0 0x0 0x0 0x0 0x0 0x1c0005 0x0 0x0 0x0 0x0 0x0 0x1f0005 0x0 0x0 0x0 0x0 0x0 0x280002 0x0 oops 0
instanceKlass com/android/dx/util/ListIntSet$1
instanceKlass com/android/dx/util/ListIntSet
instanceKlass com/android/dx/cf/iface/ParseObserver
instanceKlass com/android/dx/ssa/Dominators$1
instanceKlass com/android/dx/command/dexer/Main$NotFilter
instanceKlass com/android/dx/rop/code/RegisterSpec$1
instanceKlass com/android/dx/rop/code/RegOps
instanceKlass com/android/dx/cf/code/Ropper$ExceptionHandlerSetup
instanceKlass sun/reflect/generics/reflectiveObjects/LazyReflectiveObjectGenerator
instanceKlass java/lang/reflect/TypeVariable
instanceKlass sun/reflect/generics/reflectiveObjects/ParameterizedTypeImpl
instanceKlass java/lang/reflect/ParameterizedType
instanceKlass sun/reflect/generics/visitor/Reifier
instanceKlass sun/reflect/generics/visitor/TypeTreeVisitor
instanceKlass sun/reflect/generics/tree/ClassSignature
instanceKlass sun/reflect/generics/tree/Signature
instanceKlass sun/reflect/generics/tree/ClassTypeSignature
instanceKlass sun/reflect/generics/tree/SimpleClassTypeSignature
instanceKlass sun/reflect/generics/tree/FieldTypeSignature
instanceKlass sun/reflect/generics/tree/BaseType
instanceKlass sun/reflect/generics/tree/TypeSignature
instanceKlass sun/reflect/generics/tree/ReturnType
instanceKlass sun/reflect/generics/tree/TypeArgument
instanceKlass sun/reflect/generics/tree/FormalTypeParameter
instanceKlass sun/reflect/generics/tree/TypeTree
instanceKlass sun/reflect/generics/tree/Tree
instanceKlass sun/reflect/generics/parser/SignatureParser
instanceKlass sun/reflect/generics/factory/CoreReflectionFactory
instanceKlass sun/reflect/generics/factory/GenericsFactory
instanceKlass sun/reflect/generics/scope/AbstractScope
instanceKlass sun/reflect/generics/scope/Scope
instanceKlass com/android/dx/dex/file/ParameterAnnotationStruct
instanceKlass java/util/DualPivotQuicksort
instanceKlass java/util/ArrayList$1
instanceKlass com/android/dx/dex/file/MethodAnnotationStruct
instanceKlass com/android/dx/dex/code/DalvCode
instanceKlass com/android/dx/dex/code/StdCatchBuilder
instanceKlass com/android/dx/dex/code/RopToDop
instanceKlass com/android/dx/dex/code/OutputFinisher
instanceKlass com/android/dx/dex/code/OutputCollector
instanceKlass com/android/dx/rop/code/Insn$BaseVisitor
instanceKlass com/android/dx/io/Opcodes
instanceKlass com/android/dx/dex/code/InsnFormat
instanceKlass com/android/dx/dex/code/Dop
instanceKlass com/android/dx/dex/code/Dops
instanceKlass com/android/dx/dex/code/BlockAddresses
instanceKlass com/android/dx/dex/code/DalvInsn
instanceKlass com/android/dx/dex/code/CatchBuilder
instanceKlass com/android/dx/dex/code/RopTranslator$TranslationVisitor
instanceKlass com/android/dx/dex/code/RopTranslator
instanceKlass com/android/dx/rop/code/LocalVariableExtractor
instanceKlass com/android/dx/ssa/back/IdenticalBlockCombiner
instanceKlass com/android/dx/ssa/back/SsaToRop$1
instanceKlass com/android/dx/ssa/back/FirstFitLocalCombiningAllocator$Multiset
instanceKlass com/android/dx/ssa/back/SsaToRop$PhiVisitor
instanceKlass com/android/dx/ssa/back/FirstFitLocalCombiningAllocator$1
instanceKlass com/android/dx/ssa/back/LivenessAnalyzer$1
instanceKlass com/android/dx/ssa/back/InterferenceGraph
instanceKlass com/android/dx/ssa/back/LivenessAnalyzer
instanceKlass com/android/dx/ssa/back/RegisterAllocator
instanceKlass com/android/dx/ssa/back/SsaToRop
instanceKlass com/android/dx/ssa/PhiTypeResolver
instanceKlass com/android/dx/ssa/ConstCollector$1
instanceKlass com/android/dx/ssa/ConstCollector
instanceKlass com/android/dx/ssa/LiteralOpUpgrader$1
instanceKlass com/android/dx/ssa/LiteralOpUpgrader
instanceKlass com/android/dx/ssa/DeadCodeRemover$NoSideEffectVisitor
instanceKlass com/android/dx/ssa/DeadCodeRemover
instanceKlass com/android/dx/ssa/SsaMethod$1
instanceKlass com/android/dx/ssa/SsaMethod$2
instanceKlass com/android/dx/ssa/SCCP
instanceKlass com/android/dx/ssa/MoveParamCombiner$1
instanceKlass com/android/dx/ssa/PhiInsn$Operand
instanceKlass com/android/dx/ssa/MoveParamCombiner
instanceKlass com/android/dx/ssa/SsaRenamer$BlockRenamer$1
instanceKlass com/android/dx/ssa/RegisterMapper
instanceKlass com/android/dx/ssa/PhiInsn$Visitor
instanceKlass com/android/dx/ssa/SsaRenamer$BlockRenamer
instanceKlass com/android/dx/ssa/SsaRenamer$1
instanceKlass com/android/dx/ssa/SsaRenamer
instanceKlass com/android/dx/util/BitIntSet$1
instanceKlass com/android/dx/util/IntIterator
instanceKlass com/android/dx/util/BitIntSet
instanceKlass com/android/dx/util/IntSet
instanceKlass com/android/dx/ssa/SetFactory
instanceKlass com/android/dx/ssa/Dominators$DfsWalker
instanceKlass com/android/dx/ssa/Dominators$DFSInfo
instanceKlass com/android/dx/ssa/SsaBasicBlock$Visitor
instanceKlass com/android/dx/ssa/Dominators
instanceKlass com/android/dx/ssa/DomFront$DomInfo
instanceKlass com/android/dx/ssa/DomFront
instanceKlass com/android/dx/ssa/LocalVariableExtractor
instanceKlass com/android/dx/ssa/SsaBasicBlock$LabelComparator
instanceKlass com/android/dx/ssa/SsaBasicBlock
instanceKlass com/android/dx/rop/code/BasicBlockList$RegCountVisitor
instanceKlass com/android/dx/ssa/SsaInsn
instanceKlass com/android/dx/ssa/SsaInsn$Visitor
instanceKlass com/android/dx/ssa/SsaMethod
instanceKlass com/android/dx/ssa/SsaConverter
instanceKlass java/lang/Class$4
instanceKlass com/android/dx/ssa/Optimizer
instanceKlass com/android/dx/rop/code/RopMethod
instanceKlass com/android/dx/rop/code/Insn$Visitor
instanceKlass com/android/dx/cf/code/Merger
instanceKlass com/android/dx/rop/code/BasicBlock
instanceKlass com/android/dx/rop/code/Exceptions
instanceKlass com/android/dx/rop/code/Rop
instanceKlass com/android/dx/rop/code/Rops
instanceKlass com/android/dx/rop/code/RegisterSpec$ForComparison
instanceKlass com/android/dx/rop/code/RegisterSpec
instanceKlass com/android/dx/rop/code/LocalItem
instanceKlass com/android/dx/rop/code/SourcePosition
instanceKlass com/android/dx/cf/code/Ropper$LabelAllocator
instanceKlass com/android/dx/cf/code/Ropper$CatchInfo
instanceKlass com/android/dx/cf/code/Ropper$Subroutine
instanceKlass com/android/dx/cf/code/Frame
instanceKlass com/android/dx/cf/code/Simulator$SimVisitor
instanceKlass com/android/dx/cf/code/Simulator
instanceKlass com/android/dx/cf/code/BaseMachine
instanceKlass com/android/dx/cf/code/ByteBlock
instanceKlass com/android/dx/util/LabeledItem
instanceKlass com/android/dx/cf/code/ByteCatchList$Item
instanceKlass com/android/dx/cf/code/ByteOps
instanceKlass com/android/dx/util/Bits
instanceKlass com/android/dx/cf/code/BasicBlocker
instanceKlass com/android/dx/dex/file/FieldAnnotationStruct
instanceKlass com/android/dx/rop/code/Insn
instanceKlass com/android/dx/rop/code/BasicBlock$Visitor
instanceKlass com/android/dx/cf/code/Machine
instanceKlass com/android/dx/cf/code/Ropper
instanceKlass com/android/dx/rop/code/DexTranslationAdvice
instanceKlass com/android/dx/cf/code/ConcreteMethod
instanceKlass com/android/dx/cf/attrib/InnerClassList$Item
instanceKlass com/android/dx/util/Hex
instanceKlass com/android/dx/cf/code/LocalVariableList$Item
instanceKlass com/android/dx/cf/code/LineNumberList$Item
instanceKlass com/android/dx/cf/code/BytecodeArray$BaseVisitor
instanceKlass com/android/dx/cf/code/BytecodeArray
instanceKlass com/android/dx/dex/file/EncodedMember
instanceKlass com/android/dx/dex/file/AnnotationUtils
instanceKlass com/android/dx/rop/type/Prototype
instanceKlass com/android/dx/cf/iface/StdMember
instanceKlass com/android/dx/dex/file/ValueEncoder
instanceKlass com/android/dx/dex/file/AnnotationItem$TypeIdSorter
instanceKlass java/util/TreeMap$PrivateEntryIterator
instanceKlass java/util/Collections$UnmodifiableCollection$1
instanceKlass com/android/dx/rop/code/AccessFlags
instanceKlass com/android/dx/dex/cf/AttributeTranslator
instanceKlass com/android/dx/dex/cf/OptimizerOptions
instanceKlass com/android/dx/rop/code/TranslationAdvice
instanceKlass sun/nio/ch/Interruptible
instanceKlass java/util/concurrent/locks/LockSupport
instanceKlass com/android/dx/dex/code/DalvCode$AssignIndicesCallback
instanceKlass com/android/dx/dex/cf/CfTranslator
instanceKlass com/android/dx/command/dexer/Main$ClassDefItemConsumer
instanceKlass java/util/concurrent/FutureTask$WaitNode
instanceKlass java/util/concurrent/FutureTask
instanceKlass java/util/concurrent/RunnableFuture
instanceKlass java/util/concurrent/Future
instanceKlass com/android/dx/command/dexer/Main$ClassTranslatorTask
instanceKlass com/android/dx/rop/annotation/NameValuePair
instanceKlass com/android/dx/cf/direct/AnnotationParser
instanceKlass com/android/dx/cf/attrib/BaseAttribute
instanceKlass com/android/dx/cf/direct/AttributeListParser
instanceKlass com/android/dx/cf/iface/Method
instanceKlass com/android/dx/cf/iface/Field
instanceKlass com/android/dx/cf/iface/Member
instanceKlass com/android/dx/cf/direct/MemberListParser
instanceKlass com/android/dx/cf/direct/DirectClassFile$DcfTypeList
instanceKlass com/android/dx/rop/type/Type
instanceKlass com/android/dx/util/MutabilityControl
instanceKlass com/android/dx/cf/cst/ConstantPoolParser
instanceKlass com/android/dx/cf/code/BytecodeArray$Visitor
instanceKlass com/android/dx/cf/iface/Attribute
instanceKlass com/android/dx/util/ByteArray
instanceKlass com/android/dx/rop/type/TypeList
instanceKlass com/android/dx/cf/iface/MethodList
instanceKlass com/android/dx/cf/iface/FieldList
instanceKlass com/android/dx/cf/iface/AttributeList
instanceKlass com/android/dx/rop/cst/ConstantPool
instanceKlass com/android/dx/cf/direct/DirectClassFile
instanceKlass com/android/dx/cf/iface/ClassFile
instanceKlass com/android/dx/cf/iface/HasAttribute
instanceKlass com/android/dx/command/dexer/Main$ClassParserTask
instanceKlass com/android/dx/command/dexer/Main$DirectClassFileConsumer
instanceKlass sun/util/calendar/CalendarUtils
instanceKlass sun/util/calendar/CalendarDate
instanceKlass java/util/TimeZone$1
instanceKlass java/util/zip/CRC32
instanceKlass java/util/zip/Checksum
instanceKlass sun/util/calendar/ZoneInfoFile$ZoneOffsetTransitionRule
instanceKlass java/io/DataInput
instanceKlass sun/util/calendar/ZoneInfoFile$1
instanceKlass sun/util/calendar/ZoneInfoFile
instanceKlass java/util/TimeZone
instanceKlass sun/util/calendar/CalendarSystem
instanceKlass java/util/Date
instanceKlass java/util/zip/ZipUtils
instanceKlass java/util/ArrayList$Itr
instanceKlass java/util/regex/Matcher
instanceKlass java/util/regex/MatchResult
instanceKlass java/util/regex/Pattern$Node
instanceKlass java/util/regex/Pattern
instanceKlass java/lang/reflect/Array
instanceKlass java/util/TimSort
instanceKlass com/android/dx/cf/direct/ClassPathOpener$3
instanceKlass java/util/zip/ZipFile$ZipEntryIterator
instanceKlass com/android/dx/command/dexer/Main$FileBytesConsumer
instanceKlass com/android/dx/cf/direct/ClassPathOpener$1
instanceKlass com/android/dx/cf/direct/ClassPathOpener
instanceKlass com/android/dx/command/dexer/Main$MainDexListFilter
instanceKlass java/util/concurrent/ThreadPoolExecutor$CallerRunsPolicy
instanceKlass java/util/ComparableTimSort
instanceKlass sun/security/action/GetBooleanAction
instanceKlass java/util/Arrays$LegacyMergeSort
instanceKlass com/android/dx/dex/file/MixedItemSection$1
instanceKlass com/android/dx/dex/file/Item
instanceKlass com/android/dx/rop/type/TypeBearer
instanceKlass com/android/dx/rop/cst/Constant
instanceKlass com/android/dx/util/ToHuman
instanceKlass com/android/dx/util/AnnotatedOutput
instanceKlass com/android/dx/util/Output
instanceKlass com/android/dex/util/ByteOutput
instanceKlass com/android/dx/dex/file/Section
instanceKlass com/android/dx/dex/file/DexFile
instanceKlass java/util/concurrent/Executors$DefaultThreadFactory
instanceKlass java/util/concurrent/ThreadFactory
instanceKlass java/util/concurrent/LinkedBlockingQueue$Node
instanceKlass java/util/concurrent/locks/AbstractQueuedSynchronizer$ConditionObject
instanceKlass java/util/concurrent/locks/Condition
instanceKlass java/util/concurrent/locks/AbstractQueuedSynchronizer$Node
instanceKlass java/util/concurrent/locks/AbstractOwnableSynchronizer
instanceKlass java/util/concurrent/ThreadPoolExecutor$AbortPolicy
instanceKlass java/util/concurrent/AbstractExecutorService
instanceKlass java/util/concurrent/Executors
instanceKlass com/android/dx/dex/DexOptions
instanceKlass com/android/dx/command/DxConsole
instanceKlass com/android/dx/dex/cf/CfOptions
instanceKlass java/io/FileInputStream$1
instanceKlass java/nio/charset/CoderResult$Cache
instanceKlass java/nio/charset/CoderResult
instanceKlass com/android/dx/command/dexer/Main$Arguments$ArgumentsParser
instanceKlass com/android/dx/command/dexer/Main$Arguments
instanceKlass com/android/dx/cf/direct/AttributeFactory
instanceKlass com/android/dx/cf/direct/ClassPathOpener$FileNameFilter
instanceKlass java/util/concurrent/ExecutorService
instanceKlass java/util/concurrent/Executor
instanceKlass java/util/concurrent/BlockingQueue
instanceKlass java/util/concurrent/RejectedExecutionHandler
instanceKlass com/android/dx/cf/direct/ClassPathOpener$Consumer
instanceKlass java/util/concurrent/Callable
instanceKlass java/io/Reader
instanceKlass java/lang/Readable
instanceKlass com/android/dx/command/dexer/Main
instanceKlass java/lang/Void
instanceKlass java/lang/Class$MethodArray
instanceKlass sun/launcher/LauncherHelper$FXHelper
instanceKlass com/android/dx/command/Main
instanceKlass java/io/FilePermission$1
instanceKlass sun/net/www/MessageHeader
instanceKlass java/net/URLConnection
instanceKlass java/security/PermissionCollection
instanceKlass sun/nio/ByteBuffered
instanceKlass sun/security/util/ManifestEntryVerifier
instanceKlass sun/security/util/SignatureFileVerifier
instanceKlass java/lang/Package
instanceKlass sun/misc/Resource
instanceKlass sun/misc/ExtensionDependency
instanceKlass sun/misc/JarIndex
instanceKlass sun/misc/FileURLMapper
instanceKlass sun/misc/URLClassPath$JarLoader$1
instanceKlass sun/misc/URLClassPath$Loader
instanceKlass sun/misc/URLClassPath$3
instanceKlass sun/net/util/URLUtil
instanceKlass java/net/URLClassLoader$1
instanceKlass java/util/jar/JarVerifier$3
instanceKlass java/security/CodeSigner
instanceKlass java/util/jar/JarVerifier
instanceKlass sun/misc/ASCIICaseInsensitiveComparator
instanceKlass java/util/jar/Attributes$Name
instanceKlass java/util/jar/Attributes
instanceKlass sun/misc/IOUtils
instanceKlass java/util/zip/ZStreamRef
instanceKlass java/util/zip/Inflater
instanceKlass java/util/zip/ZipEntry
instanceKlass sun/nio/ch/DirectBuffer
instanceKlass sun/misc/PerfCounter$CoreCounters
instanceKlass sun/misc/Perf
instanceKlass sun/misc/Perf$GetPerfAction
instanceKlass sun/misc/PerfCounter
instanceKlass java/util/zip/ZipCoder
instanceKlass java/util/Deque
instanceKlass java/util/Queue
instanceKlass java/nio/charset/StandardCharsets
instanceKlass java/util/jar/JavaUtilJarAccessImpl
instanceKlass sun/misc/JavaUtilJarAccess
instanceKlass java/util/zip/ZipFile$1
instanceKlass sun/misc/JavaUtilZipFileAccess
instanceKlass java/util/zip/ZipFile
instanceKlass java/util/zip/ZipConstants
instanceKlass java/nio/charset/CharsetDecoder
instanceKlass sun/nio/cs/ArrayDecoder
instanceKlass java/lang/StringCoding$StringDecoder
instanceKlass java/io/FileOutputStream$1
instanceKlass java/lang/StringCoding$StringEncoder
instanceKlass java/lang/ThreadLocal$ThreadLocalMap
instanceKlass java/lang/StringCoding
instanceKlass sun/usagetracker/UsageTrackerClient$3
instanceKlass java/util/TreeMap$Entry
instanceKlass java/lang/ProcessEnvironment$CheckedEntry
instanceKlass java/util/HashMap$HashIterator
instanceKlass java/lang/ProcessEnvironment$CheckedEntrySet$1
instanceKlass java/util/NavigableMap
instanceKlass java/util/SortedMap
instanceKlass java/util/Collections$UnmodifiableMap
instanceKlass java/lang/ProcessEnvironment$EntryComparator
instanceKlass java/lang/ProcessEnvironment$NameComparator
instanceKlass sun/usagetracker/UsageTrackerClient$2
instanceKlass sun/usagetracker/UsageTrackerClient$4
instanceKlass sun/usagetracker/UsageTrackerClient$1
instanceKlass java/util/concurrent/atomic/AtomicBoolean
instanceKlass sun/usagetracker/UsageTrackerClient
instanceKlass sun/misc/PostVMInitHook
instanceKlass java/lang/invoke/MethodHandleStatics$1
instanceKlass java/lang/invoke/MethodHandleStatics
instanceKlass java/lang/invoke/MemberName$Factory
instanceKlass java/lang/ClassValue$Version
instanceKlass java/lang/ClassValue$Identity
instanceKlass java/lang/ClassValue
instanceKlass java/lang/invoke/MethodHandleImpl$3
instanceKlass java/lang/invoke/MethodHandleImpl$2
instanceKlass java/util/function/Function
instanceKlass java/lang/invoke/MethodHandleImpl$1
instanceKlass java/lang/invoke/MethodHandleImpl
instanceKlass java/lang/SystemClassLoaderAction
instanceKlass sun/misc/Launcher$AppClassLoader$1
instanceKlass sun/misc/URLClassPath
instanceKlass java/security/Principal
instanceKlass java/security/ProtectionDomain$Key
instanceKlass java/security/ProtectionDomain$2
instanceKlass sun/misc/JavaSecurityProtectionDomainAccess
instanceKlass java/security/ProtectionDomain$JavaSecurityAccessImpl
instanceKlass sun/misc/JavaSecurityAccess
instanceKlass java/net/URLStreamHandler
instanceKlass java/net/Parts
instanceKlass java/lang/CharacterData
instanceKlass sun/util/locale/LocaleUtils
instanceKlass java/util/Locale$LocaleKey
instanceKlass sun/util/locale/BaseLocale$Key
instanceKlass sun/util/locale/BaseLocale
instanceKlass java/util/concurrent/ConcurrentHashMap$CollectionView
instanceKlass java/util/concurrent/ConcurrentHashMap$CounterCell
instanceKlass java/util/concurrent/ConcurrentHashMap$Node
instanceKlass java/util/concurrent/locks/ReentrantLock
instanceKlass java/util/concurrent/locks/Lock
instanceKlass java/util/concurrent/ConcurrentMap
instanceKlass sun/util/locale/LocaleObjectCache
instanceKlass java/util/Locale
instanceKlass java/util/BitSet
instanceKlass sun/net/www/ParseUtil
instanceKlass sun/misc/MetaIndex
instanceKlass sun/misc/Launcher$ExtClassLoader$1
instanceKlass java/util/StringTokenizer
instanceKlass java/net/URLClassLoader$7
instanceKlass sun/misc/JavaNetAccess
instanceKlass java/lang/ClassLoader$ParallelLoaders
instanceKlass sun/security/util/Debug
instanceKlass sun/misc/Launcher$Factory
instanceKlass java/net/URLStreamHandlerFactory
instanceKlass java/lang/Compiler$1
instanceKlass java/lang/Compiler
instanceKlass java/lang/System$2
instanceKlass sun/misc/JavaLangAccess
instanceKlass sun/io/Win32ErrorMode
instanceKlass sun/misc/OSEnvironment
instanceKlass java/lang/Integer$IntegerCache
instanceKlass sun/misc/NativeSignalHandler
instanceKlass sun/misc/Signal
instanceKlass java/lang/Terminator$1
instanceKlass sun/misc/SignalHandler
instanceKlass java/lang/Terminator
instanceKlass java/lang/ClassLoader$NativeLibrary
instanceKlass java/io/ExpiringCache$Entry
instanceKlass java/lang/ClassLoader$3
instanceKlass java/nio/file/Path
instanceKlass java/nio/file/Watchable
instanceKlass java/lang/Enum
instanceKlass java/io/ExpiringCache
instanceKlass java/io/FileSystem
instanceKlass java/io/DefaultFileSystem
instanceKlass java/nio/Bits$1
instanceKlass sun/misc/JavaNioAccess
instanceKlass java/nio/ByteOrder
instanceKlass java/nio/Bits
instanceKlass java/nio/charset/CodingErrorAction
instanceKlass java/nio/charset/CharsetEncoder
instanceKlass sun/nio/cs/ArrayEncoder
instanceKlass sun/reflect/ReflectionFactory$1
instanceKlass java/lang/Class$1
instanceKlass sun/nio/cs/SingleByte
instanceKlass sun/nio/cs/HistoricallyNamedCharset
instanceKlass java/util/Arrays
instanceKlass sun/security/action/GetPropertyAction
instanceKlass java/lang/ThreadLocal
instanceKlass java/nio/charset/spi/CharsetProvider
instanceKlass java/nio/charset/Charset
instanceKlass java/io/Writer
instanceKlass sun/reflect/misc/ReflectUtil
instanceKlass java/lang/reflect/ReflectAccess
instanceKlass sun/reflect/LangReflectAccess
instanceKlass java/lang/reflect/Modifier
instanceKlass sun/reflect/annotation/AnnotationType
instanceKlass java/lang/Class$AnnotationData
instanceKlass sun/reflect/generics/repository/AbstractRepository
instanceKlass java/lang/Class$Atomic
instanceKlass java/lang/Class$ReflectionData
instanceKlass java/lang/Class$3
instanceKlass java/util/concurrent/atomic/AtomicReferenceFieldUpdater$AtomicReferenceFieldUpdaterImpl$1
instanceKlass java/security/PrivilegedExceptionAction
instanceKlass java/util/concurrent/atomic/AtomicReferenceFieldUpdater
instanceKlass java/io/OutputStream
instanceKlass java/io/Flushable
instanceKlass java/util/HashMap$Node
instanceKlass sun/reflect/Reflection
instanceKlass java/util/Collections$UnmodifiableCollection
instanceKlass sun/misc/SharedSecrets
instanceKlass java/io/FileDescriptor$1
instanceKlass sun/misc/JavaIOFileDescriptorAccess
instanceKlass java/io/FileDescriptor
instanceKlass sun/misc/Version
instanceKlass java/lang/Runtime
instanceKlass java/util/Hashtable$Enumerator
instanceKlass java/util/Iterator
instanceKlass java/util/Enumeration
instanceKlass java/util/Objects
instanceKlass java/util/Collections$SynchronizedCollection
instanceKlass java/util/AbstractMap
instanceKlass java/util/Collections
instanceKlass java/util/Set
instanceKlass java/lang/Math
instanceKlass java/util/Hashtable$Entry
instanceKlass java/util/Map$Entry
instanceKlass sun/misc/VM
instanceKlass java/lang/ref/ReferenceQueue$Lock
instanceKlass java/lang/ref/ReferenceQueue
instanceKlass java/lang/ref/Reference$Lock
instanceKlass sun/reflect/ReflectionFactory
instanceKlass java/util/AbstractCollection
instanceKlass java/util/RandomAccess
instanceKlass java/util/List
instanceKlass java/util/Collection
instanceKlass java/lang/Iterable
instanceKlass java/security/cert/Certificate
instanceKlass sun/reflect/ReflectionFactory$GetReflectionFactoryAction
instanceKlass java/security/PrivilegedAction
instanceKlass java/security/AccessController
instanceKlass java/security/Permission
instanceKlass java/security/Guard
instanceKlass java/lang/String$CaseInsensitiveComparator
instanceKlass java/util/Comparator
instanceKlass java/io/ObjectStreamField
instanceKlass java/lang/Number
instanceKlass java/lang/Character
instanceKlass java/lang/Boolean
instanceKlass java/nio/Buffer
instanceKlass java/lang/StackTraceElement
instanceKlass java/security/CodeSource
instanceKlass sun/misc/Launcher
instanceKlass java/util/jar/Manifest
instanceKlass java/net/URL
instanceKlass java/io/File
instanceKlass java/io/InputStream
instanceKlass java/io/Closeable
instanceKlass java/lang/AutoCloseable
instanceKlass sun/misc/Unsafe
instanceKlass java/lang/AbstractStringBuilder
instanceKlass java/lang/Appendable
instanceKlass java/lang/invoke/CallSite
instanceKlass java/lang/invoke/MethodType
instanceKlass java/lang/invoke/LambdaForm
instanceKlass java/lang/invoke/MethodHandleNatives
instanceKlass java/lang/invoke/MemberName
instanceKlass java/lang/invoke/MethodHandle
instanceKlass sun/reflect/CallerSensitive
instanceKlass java/lang/annotation/Annotation
instanceKlass sun/reflect/FieldAccessor
instanceKlass sun/reflect/ConstantPool
instanceKlass sun/reflect/ConstructorAccessor
instanceKlass sun/reflect/MethodAccessor
instanceKlass sun/reflect/MagicAccessorImpl
instanceKlass java/lang/reflect/Parameter
instanceKlass java/lang/reflect/Member
instanceKlass java/lang/reflect/AccessibleObject
instanceKlass java/util/Dictionary
instanceKlass java/util/Map
instanceKlass java/lang/ThreadGroup
instanceKlass java/lang/Thread$UncaughtExceptionHandler
instanceKlass java/lang/Thread
instanceKlass java/lang/Runnable
instanceKlass java/lang/ref/Reference
instanceKlass java/security/AccessControlContext
instanceKlass java/security/ProtectionDomain
instanceKlass java/lang/SecurityManager
instanceKlass java/lang/Throwable
instanceKlass java/lang/System
instanceKlass java/lang/ClassLoader
instanceKlass java/lang/Cloneable
instanceKlass java/lang/Class
instanceKlass java/lang/reflect/Type
instanceKlass java/lang/reflect/GenericDeclaration
instanceKlass java/lang/reflect/AnnotatedElement
instanceKlass java/lang/String
instanceKlass java/lang/CharSequence
instanceKlass java/lang/Comparable
instanceKlass java/io/Serializable
ciInstanceKlass java/lang/Object 1 1 78 3 8 8 8 1 1 1 1 1 1 1 1 1 1 1 1 1 1 1 1 1 1 1 1 1 1 1 1 1 1 1 1 1 1 1 1 1 1 1 1 1 1 1 1 1 100 100 100 100 100 7 100 100 1 1 1 12 12 12 12 12 12 12 12 12 12 10 10 10 10 10 10 10 10 10 10 1
ciInstanceKlass java/io/Serializable 1 0 7 1 1 1 100 100 1
ciInstanceKlass java/lang/Comparable 1 0 12 1 1 1 1 1 1 100 100 1 1 1
ciInstanceKlass java/lang/String 1 1 540 3 3 3 3 8 8 8 8 8 8 8 8 8 8 1 1 1 1 1 1 1 1 1 1 1 1 1 1 1 1 1 1 1 1 1 1 1 1 1 1 1 1 1 1 1 1 1 1 1 1 1 1 1 1 1 1 1 1 1 1 1 1 1 1 1 1 1 1 1 1 1 1 1 1 1 1 1 1 1 1 1 1 1 1 1 1 1 1 1 1 1 1 1 1 1 1 1 1 1 1 1 1 1 1 1 1 1 1 1 1 1 1 1 1 1 1 1 1 1 1 1 1 1 1 1 1 1 1 1 1 1 1 1 1 1 1 1 1 1 1 1 1 1 1 1 1 1 1 1 1 1 1 1 1 1 1 1 1 1 1 1 1 1 1 1 1 1 1 1 1 1 1 1 1 1 1 1 1 1 1 1 1 1 1 1 1 1 1 1 1 1 1 1 1 1 1 1 1 1 1 1 1 1 1 1 1 1 1 1 1 1 1 1 5 0 100 100 100 100 100 7 100 100 100 7 7 100 100 100 100 100 100 100 100 100 7 100 7 7 100 7 100 100 7 100 7 100 100 100 7 100 100 100 100 7 100 100 7 7 1 1 1 1 1 1 1 1 1 1 1 1 1 1 1 1 1 1 1 1 1 1 1 1 1 1 1 1 1 1 1 1 1 1 1 1 1 1 1 1 1 1 1 1 1 1 1 1 1 1 1 1 1 1 1 1 1 1 1 1 1 12 12 12 12 12 12 12 12 12 12 12 12 12 12 12 12 12 12 12 12 12 12 12 12 12 12 12 12 12 12 12 12 12 12 12 12 12 12 12 12 12 12 12 12 12 12 12 12 12 12 12 12 12 12 12 12 12 12 12 12 12 12 12 12 12 12 12 12 12 12 12 12 12 12 12 12 12 12 12 12 12 12 12 12 12 12 12 12 12 12 12 12 12 12 12 12 12 12 12 12 12 9 9 9 9 10 10 10 10 10 10 10 10 10 10 10 10 10 10 10 10 10 10 10 10 10 10 10 10 10 10 10 10 10 10 10 10 10 10 10 10 10 10 10 10 10 10 10 10 10 10 10 10 10 10 10 10 10 10 10 10 10 10 10 10 10 10 10 10 10 10 10 10 10 10 10 10 10 10 10 10 10 10 10 10 10 10 10 10 10 10 10 10 10 10 10 10 10 10 10 10 10 10 10 10 10 10 10 10 11 11 11 11 11 11 11 11 1 1
staticfield java/lang/String serialPersistentFields [Ljava/io/ObjectStreamField; 0 [Ljava/io/ObjectStreamField;
staticfield java/lang/String CASE_INSENSITIVE_ORDER Ljava/util/Comparator; java/lang/String$CaseInsensitiveComparator
ciInstanceKlass java/lang/Class 1 1 1190 8 8 8 8 8 8 8 8 8 8 8 8 8 8 8 8 8 8 7 1 1 1 1 1 1 1 1 1 1 1 1 1 1 1 1 1 1 1 1 1 1 1 1 1 1 1 1 1 1 1 1 1 1 1 1 1 1 1 1 1 1 1 1 1 1 1 1 1 1 1 1 1 1 1 1 1 1 1 1 1 1 1 1 1 1 1 1 1 1 1 1 1 1 1 1 1 1 1 1 1 1 1 1 1 1 1 1 1 1 1 1 1 1 1 1 1 1 1 1 1 1 1 1 1 1 1 1 1 1 1 1 1 1 1 1 1 1 1 1 1 1 1 1 1 1 1 1 1 1 1 1 1 1 1 1 1 1 1 1 1 1 1 1 1 1 1 1 1 1 1 1 1 1 1 1 1 1 1 1 1 1 1 1 1 1 1 1 1 1 1 1 1 1 1 1 1 1 1 1 1 1 1 1 1 1 1 1 1 1 1 1 1 1 1 1 1 1 1 1 1 1 1 1 1 1 1 1 1 1 1 1 1 1 1 1 1 1 1 1 1 1 1 1 1 1 1 1 1 1 1 1 1 1 1 1 1 1 1 1 1 1 1 1 1 1 1 1 1 1 1 1 1 1 1 1 1 1 1 1 1 1 1 1 1 1 1 1 1 1 1 1 1 1 1 1 1 1 1 1 1 1 1 1 1 1 1 1 1 1 1 1 1 1 1 1 1 1 1 1 1 1 1 1 1 1 1 1 1 1 1 1 1 1 1 1 1 1 1 1 1 1 1 1 1 1 1 1 1 1 1 1 1 1 1 1 1 1 1 1 1 1 1 1 1 1 1 1 1 1 1 1 1 1 1 1 1 1 1 1 1 1 1 1 1 1 1 1 1 1 1 1 1 1 1 1 1 1 1 1 1 1 1 1 1 1 1 1 1 1 1 1 1 1 1 1 1 1 1 1 1 1 3 3 3 5 0 8 8 8 8 8 7 7 100 100 100 100 7 7 100 7 100 7 7 100 7 100 7 7 100 7 100 100 100 7 100 100 100 100 100 100 100 100 7 100 100 100 100 7 100 7 100 100 100 7 100 100 7 7 100 100 100 7 100 100 100 100 7 100 100 100 100 100 100 100 100 100 100 100 100 100 100 100 7 7 7 100 100 100 100 7 7 100 100 7 100 100 1 1 1 1 1 1 1 1 1 1 1 1 1 1 1 1 1 1 1 1 1 1 1 1 1 1 1 1 1 1 1 1 1 1 1 1 1 1 1 1 1 1 1 1 1 1 1 1 1 1 1 1 1 1 1 1 1 1 1 1 1 1 1 1 1 1 1 1 1 1 1 1 1 1 1 1 1 1 1 1 1 1 1 1 1 1 1 1 1 1 1 1 1 1 1 1 1 1 1 1 1 1 1 1 1 1 1 1 1 1 1 1 1 1 1 1 1 1 1 1 1 1 1 1 1 1 1 1 1 1 1 1 1 1 1 1 1 1 1 1 1 1 1 1 1 1 1 1 1 1 1 1 1 1 1 1 1 1 1 1 1 1 1 1 1 1 1 12 12 12 12 12 12 12 12 12 12 12 12 12 12 12 12 12 12 12 12 12 12 12 12 12 12 12 12 12 12 12 12 12 12 12 12 12 12 12 12 12 12 12 12 12 12 12 12 12 12 12 12 12 12 12 12 12 12 12 12 12 12 12 12 12 12 12 12 12 12 12 12 12 12 12 12 12 12 12 12 12 12 12 12 12 12 12 12 12 12 12 12 12 12 12 12 12 12 12 12 12 12 12 12 12 12 12 12 12 12 12 12 12 12 12 12 12 12 12 12 12 12 12 12 12 12 12 12 12 12 12 12 12 12 12 12 12 12 12 12 12 12 12 12 12 12 12 12 12 12 12 12 12 12 12 12 12 12 12 12 12 12 12 12 12 12 12 12 12 12 12 12 12 12 12 12 12 12 12 12 12 12 12 12 12 12 12 12 12 12 12 12 12 12 12 12 12 12 12 12 12 12 12 12 12 12 12 12 12 12 12 12 12 12 12 12 12 12 12 12 12 12 12 12 12 12 12 12 12 12 12 12 9 9 9 9 9 9 9 9 9 9 9 9 9 9 9 9 9 9 9 9 9 9 9 9 9 9 9 9 9 9 9 9 9 9 9 9 9 10 10 10 10 10 10 10 10 10 10 10 10 10 10 10 10 10 10 10 10 10 10 10 10 10 10 10 10 10 10 10 10 10 10 10 10 10 10 10 10 10 10 10 10 10 10 10 10 10 10 10 10 10 10 10 10 10 10 10 10 10 10 10 10 10 10 10 10 10 10 10 10 10 10 10 10 10 10 10 10 10 10 10 10 10 10 10 10 10 10 10 10 10 10 10 10 10 10 10 10 10 10 10 10 10 10 10 10 10 10 10 10 10 10 10 10 10 10 10 10 10 10 10 10 10 10 10 10 10 10 10 10 10 10 10 10 10 10 10 10 10 10 10 10 10 10 10 10 10 10 10 10 10 10 10 10 10 10 10 10 10 10 10 10 10 10 10 10 10 10 10 10 10 10 10 10 10 10 10 10 10 10 10 10 10 10 10 10 10 10 10 10 10 10 10 10 10 10 10 10 10 10 10 10 10 10 10 10 10 10 11 11 11 11 11 11 11 11 11 11 11 11 11 11 11 11 11 11 1 1 1 1 1 1 1 1
staticfield java/lang/Class serialPersistentFields [Ljava/io/ObjectStreamField; 0 [Ljava/io/ObjectStreamField;
ciInstanceKlass java/lang/Cloneable 1 0 7 1 1 1 100 100 1
instanceKlass sun/reflect/DelegatingClassLoader
instanceKlass java/security/SecureClassLoader
ciInstanceKlass java/lang/ClassLoader 1 1 842 8 8 8 8 8 8 8 8 8 8 8 8 8 8 8 8 8 8 7 1 1 1 1 1 1 1 1 1 1 1 1 1 1 1 1 1 1 1 1 1 1 1 1 1 1 1 1 1 1 1 1 1 1 1 1 1 1 1 1 1 1 1 1 1 1 1 1 1 1 1 1 1 1 1 1 1 1 1 1 1 1 1 1 1 1 1 1 1 1 1 1 1 1 1 1 1 1 1 1 1 1 1 1 1 1 1 1 1 1 1 1 1 1 1 1 1 1 1 1 1 1 1 1 1 1 1 1 1 1 1 1 1 1 1 1 1 1 1 1 1 1 1 1 1 1 1 1 1 1 1 1 1 1 1 1 1 1 1 1 1 1 1 1 1 1 1 1 1 1 1 1 1 1 1 1 1 1 1 1 1 1 1 1 1 1 1 1 1 1 1 1 1 1 1 1 1 1 1 1 1 1 1 1 1 1 1 1 1 1 1 1 1 1 1 1 1 1 1 1 1 1 1 1 1 1 1 1 1 1 1 1 1 1 1 1 1 1 1 1 1 1 1 1 1 1 1 1 1 1 1 1 1 1 1 1 1 1 1 1 1 1 1 1 1 1 1 1 1 1 1 1 1 1 1 1 1 1 1 1 1 1 1 1 1 1 1 1 1 1 1 1 1 1 1 1 1 1 1 100 100 100 7 100 7 100 100 100 100 7 100 100 100 7 7 7 100 100 100 100 100 100 7 7 100 100 7 100 7 7 100 100 100 100 7 100 100 7 7 100 7 7 100 7 100 7 7 100 100 7 7 7 7 100 7 7 100 100 7 7 100 100 1 1 1 1 1 1 1 1 1 1 1 1 1 1 1 1 1 1 1 1 1 1 1 1 1 1 1 1 1 1 1 1 1 1 1 1 1 1 1 1 1 1 1 1 1 1 1 1 1 1 1 1 1 1 1 1 1 1 1 1 1 1 1 1 1 1 1 1 1 1 1 1 1 1 1 1 1 1 1 1 1 1 1 1 1 1 1 1 1 1 1 1 1 1 1 1 1 1 1 1 1 1 1 1 1 1 1 1 1 1 1 1 1 1 12 12 12 12 12 12 12 12 12 12 12 12 12 12 12 12 12 12 12 12 12 12 12 12 12 12 12 12 12 12 12 12 12 12 12 12 12 12 12 12 12 12 12 12 12 12 12 12 12 12 12 12 12 12 12 12 12 12 12 12 12 12 12 12 12 12 12 12 12 12 12 12 12 12 12 12 12 12 12 12 12 12 12 12 12 12 12 12 12 12 12 12 12 12 12 12 12 12 12 12 12 12 12 12 12 12 12 12 12 12 12 12 12 12 12 12 12 12 12 12 12 12 12 12 12 12 12 12 12 12 12 12 12 12 12 12 12 12 12 12 12 12 12 12 12 12 12 12 12 12 12 12 12 12 12 12 12 12 12 12 12 12 12 12 12 12 12 12 12 9 9 9 9 9 9 9 9 9 9 9 9 9 9 9 9 9 9 9 9 9 9 9 9 9 9 9 9 9 10 10 10 10 10 10 10 10 10 10 10 10 10 10 10 10 10 10 10 10 10 10 10 10 10 10 10 10 10 10 10 10 10 10 10 10 10 10 10 10 10 10 10 10 10 10 10 10 10 10 10 10 10 10 10 10 10 10 10 10 10 10 10 10 10 10 10 10 10 10 10 10 10 10 10 10 10 10 10 10 10 10 10 10 10 10 10 10 10 10 10 10 10 10 10 10 10 10 10 10 10 10 10 10 10 10 10 10 10 10 10 10 10 10 10 10 10 10 10 10 10 10 10 10 10 10 10 10 10 10 10 10 10 10 10 10 10 10 10 10 10 10 10 10 10 10 10 10 10 10 10 10 10 10 10 10 10 10 10 10 11 11 11 11 11 11 1 1
staticfield java/lang/ClassLoader nocerts [Ljava/security/cert/Certificate; 0 [Ljava/security/cert/Certificate;
ciInstanceKlass java/lang/System 1 1 369 8 8 8 8 8 8 8 8 8 8 8 8 8 7 1 1 1 1 1 1 1 1 1 1 1 1 1 1 1 1 1 1 1 1 1 1 1 1 1 1 1 1 1 1 1 1 1 1 1 1 1 1 1 1 1 1 1 1 1 1 1 1 1 1 1 1 1 1 1 1 1 1 1 1 1 1 1 1 1 1 1 1 1 1 1 1 1 1 1 1 1 1 1 1 1 1 1 1 1 1 1 1 1 1 1 1 1 1 1 1 1 1 1 1 1 1 1 1 1 1 1 1 1 1 1 1 1 1 1 1 1 1 1 1 1 1 1 1 1 1 1 1 1 1 1 1 1 1 1 1 1 7 7 7 7 7 100 7 100 100 100 100 100 100 7 7 100 100 7 100 100 7 7 7 7 100 100 100 7 100 100 7 7 7 7 1 1 1 1 1 1 1 1 1 1 1 1 1 1 1 1 1 1 1 1 1 1 1 1 1 1 1 1 1 1 1 1 1 1 1 1 1 1 1 1 12 12 12 12 12 12 12 12 12 12 12 12 12 12 12 12 12 12 12 12 12 12 12 12 12 12 12 12 12 12 12 12 12 12 12 12 12 12 12 12 12 12 12 12 12 12 12 12 12 12 12 12 12 12 12 12 12 12 12 12 12 12 12 12 12 12 12 12 9 9 9 9 9 9 9 9 9 9 10 10 10 10 10 10 10 10 10 10 10 10 10 10 10 10 10 10 10 10 10 10 10 10 10 10 10 10 10 10 10 10 10 10 10 10 10 10 10 10 10 10 10 10 10 10 10 10 10 10 10 10 10 10 10 10 10 10 10 10 10 10 10 11 1
staticfield java/lang/System in Ljava/io/InputStream; java/io/BufferedInputStream
staticfield java/lang/System out Ljava/io/PrintStream; java/io/PrintStream
staticfield java/lang/System err Ljava/io/PrintStream; java/io/PrintStream
instanceKlass java/lang/Exception
instanceKlass java/lang/Error
ciInstanceKlass java/lang/Throwable 1 1 327 8 8 8 8 8 8 8 8 8 8 8 8 8 8 8 8 8 7 1 1 1 1 1 1 1 1 1 1 1 1 1 1 1 1 1 1 1 1 1 1 1 1 1 1 1 1 1 1 1 1 1 1 1 1 1 1 1 1 1 1 1 1 1 1 1 1 1 1 1 1 1 1 1 1 1 1 1 1 1 1 1 1 1 1 1 1 1 1 1 1 1 1 1 1 1 1 1 1 1 1 1 1 1 1 1 1 1 1 1 1 1 1 1 1 1 1 1 1 1 1 1 1 1 1 1 1 1 1 1 1 1 1 1 1 1 1 1 1 1 1 1 1 1 1 1 1 5 0 100 100 100 100 100 100 100 7 100 100 100 100 7 7 100 100 100 100 100 100 100 100 100 7 7 100 100 100 100 100 1 1 1 1 1 1 1 1 1 1 1 1 1 1 1 1 1 1 1 1 1 1 1 1 1 1 1 1 12 12 12 12 12 12 12 12 12 12 12 12 12 12 12 12 12 12 12 12 12 12 12 12 12 12 12 12 12 12 12 12 12 12 12 12 12 12 12 12 12 12 12 12 12 12 12 12 12 12 12 12 12 12 9 9 9 9 9 9 9 9 9 9 9 9 10 10 10 10 10 10 10 10 10 10 10 10 10 10 10 10 10 10 10 10 10 10 10 10 10 10 10 10 10 10 10 10 10 10 10 10 10 10 10 10 10 11 11 11 11 11 11 11 11 1 1 1 1 1
staticfield java/lang/Throwable UNASSIGNED_STACK [Ljava/lang/StackTraceElement; 0 [Ljava/lang/StackTraceElement;
staticfield java/lang/Throwable SUPPRESSED_SENTINEL Ljava/util/List; java/util/Collections$UnmodifiableRandomAccessList
staticfield java/lang/Throwable EMPTY_THROWABLE_ARRAY [Ljava/lang/Throwable; 0 [Ljava/lang/Throwable;
staticfield java/lang/Throwable $assertionsDisabled Z 1
instanceKlass java/lang/AssertionError
instanceKlass java/lang/VirtualMachineError
instanceKlass java/lang/LinkageError
instanceKlass java/lang/ThreadDeath
ciInstanceKlass java/lang/Error 1 1 30 1 1 1 1 1 1 1 1 1 1 1 1 5 0 100 7 1 1 12 12 12 12 12 10 10 10 10 10 1
ciInstanceKlass java/lang/ThreadDeath 0 0 18 1 1 1 1 1 1 1 1 1 1 5 0 100 100 12 10 1
instanceKlass java/lang/CloneNotSupportedException
instanceKlass java/security/GeneralSecurityException
instanceKlass java/io/IOException
instanceKlass java/util/concurrent/ExecutionException
instanceKlass java/lang/InterruptedException
instanceKlass java/lang/ReflectiveOperationException
instanceKlass java/lang/RuntimeException
ciInstanceKlass java/lang/Exception 1 1 30 1 1 1 1 1 1 1 1 1 1 1 1 5 0 100 7 1 1 12 12 12 12 12 10 10 10 10 10 1
instanceKlass com/android/dx/util/Warning
instanceKlass java/lang/NegativeArraySizeException
instanceKlass java/lang/IndexOutOfBoundsException
instanceKlass java/lang/IllegalStateException
instanceKlass java/lang/UnsupportedOperationException
instanceKlass java/util/NoSuchElementException
instanceKlass com/android/dx/command/dexer/Main$StopProcessing
instanceKlass com/android/dex/util/ExceptionWithContext
instanceKlass com/android/dx/command/UsageException
instanceKlass java/lang/IllegalArgumentException
instanceKlass java/lang/ArithmeticException
instanceKlass java/lang/NullPointerException
instanceKlass java/lang/IllegalMonitorStateException
instanceKlass java/lang/ArrayStoreException
instanceKlass java/lang/ClassCastException
ciInstanceKlass java/lang/RuntimeException 1 1 30 1 1 1 1 1 1 1 1 1 1 1 1 5 0 7 100 1 1 12 12 12 12 12 10 10 10 10 10 1
ciInstanceKlass java/lang/SecurityManager 0 0 375 8 8 8 8 8 8 8 8 8 8 8 8 8 8 8 8 8 8 8 8 8 8 8 8 8 8 8 8 8 8 8 8 8 8 8 8 100 1 1 1 1 1 1 1 1 1 1 1 1 1 1 1 1 1 1 1 1 1 1 1 1 1 1 1 1 1 1 1 1 1 1 1 1 1 1 1 1 1 1 1 1 1 1 1 1 1 1 1 1 1 1 1 1 1 1 1 1 1 1 1 1 1 1 1 1 1 1 1 1 1 1 1 1 1 1 1 1 1 1 1 1 1 1 1 1 1 1 1 1 1 1 1 1 1 1 1 1 1 1 1 1 1 1 1 1 1 1 1 1 1 1 1 1 1 1 1 1 1 1 1 1 1 1 1 1 1 1 1 1 1 1 1 1 1 1 1 1 1 1 1 1 1 1 1 1 1 1 1 1 1 1 1 1 1 1 1 1 1 1 1 1 100 100 100 100 100 100 100 100 100 100 100 100 100 100 100 100 100 100 100 100 100 100 100 100 100 100 100 100 1 1 1 1 1 1 1 1 1 1 1 1 1 1 1 1 1 1 1 1 1 1 1 1 1 1 1 1 1 1 1 12 12 12 12 12 12 12 12 12 12 12 12 12 12 12 12 12 12 12 12 12 12 12 12 12 12 12 12 12 12 12 12 12 12 12 12 12 12 12 12 12 12 12 12 12 12 12 12 12 12 12 9 9 9 9 9 9 9 9 9 9 9 9 9 9 9 9 9 10 10 10 10 10 10 10 10 10 10 10 10 10 10 10 10 10 10 10 10 10 10 10 10 10 10 10 10 10 10 10 10 10 10 10 10 10 10 10 10 10 10 10 10 10 1
ciInstanceKlass java/security/ProtectionDomain 1 1 270 8 8 8 8 8 8 8 8 8 8 1 1 1 1 1 1 1 1 1 1 1 1 1 1 1 1 1 1 1 1 1 1 1 1 1 1 1 1 1 1 1 1 1 1 1 1 1 1 1 1 1 1 1 1 1 1 1 1 1 1 1 1 1 1 1 1 1 1 1 1 1 1 1 1 1 1 1 1 1 1 1 1 1 1 1 1 1 1 1 1 1 1 1 1 1 1 1 1 1 1 1 1 1 1 1 1 1 1 100 100 100 7 100 100 100 100 100 100 100 100 100 7 7 100 7 7 100 7 7 7 100 100 100 7 7 100 1 1 1 1 1 1 1 1 1 1 1 1 1 1 1 1 1 1 1 1 1 1 1 1 1 1 1 1 12 12 12 12 12 12 12 12 12 12 12 12 12 12 12 12 12 12 12 12 12 12 12 12 12 12 12 12 12 12 12 12 12 12 12 12 12 12 12 12 12 12 12 12 12 12 12 12 9 9 9 9 9 9 9 9 9 9 9 10 10 10 10 10 10 10 10 10 10 10 10 10 10 10 10 10 10 10 10 10 10 10 10 10 10 10 10 10 10 10 10 10 10 10 10 10 11 11 11 11 11 11 11 1 1
staticfield java/security/ProtectionDomain debug Lsun/security/util/Debug; null
ciInstanceKlass java/security/AccessControlContext 1 1 305 8 8 8 8 8 8 8 8 8 8 8 8 8 100 1 1 1 1 1 1 1 1 1 1 1 1 1 1 1 1 1 1 1 1 1 1 1 1 1 1 1 1 1 1 1 1 1 1 1 1 1 1 1 1 1 1 1 1 1 1 1 1 1 1 1 1 1 1 1 1 1 1 1 1 1 1 1 1 1 1 1 1 1 1 1 1 1 1 1 1 1 1 1 1 1 1 1 1 1 1 1 1 1 1 1 1 1 1 1 1 1 1 1 1 1 1 1 1 1 1 1 1 1 100 100 100 100 7 100 100 100 100 100 7 100 100 7 100 100 100 100 100 100 100 100 100 1 1 1 1 1 1 1 1 1 1 1 1 1 1 1 1 1 1 1 1 1 1 1 1 1 1 1 1 1 1 1 1 1 1 12 12 12 12 12 12 12 12 12 12 12 12 12 12 12 12 12 12 12 12 12 12 12 12 12 12 12 12 12 12 12 12 12 12 12 12 12 12 12 12 12 12 12 12 12 12 12 12 12 12 12 12 12 12 12 12 12 12 9 9 9 9 9 9 9 9 9 9 9 9 9 9 10 10 10 10 10 10 10 10 10 10 10 10 10 10 10 10 10 10 10 10 10 10 10 10 10 10 10 10 10 10 10 10 10 10 10 10 10 10 10 10 10 10 10 10 10 11 11 11 11 11 11 1
instanceKlass java/net/URLClassLoader
ciInstanceKlass java/security/SecureClassLoader 1 1 130 8 8 8 8 1 1 1 1 1 1 1 1 1 1 1 1 1 1 1 1 1 1 1 1 1 1 1 1 1 1 1 1 1 1 1 1 1 1 1 1 1 1 1 1 1 1 1 1 1 1 7 100 100 100 100 7 100 7 7 7 7 7 1 1 1 1 1 1 1 1 1 1 1 1 1 1 1 1 1 1 12 12 12 12 12 12 12 12 12 12 12 12 12 12 12 12 12 12 12 12 12 12 12 9 9 9 10 10 10 10 10 10 10 10 10 10 10 10 10 10 10 10 10 10 10 10 10 10 1
staticfield java/security/SecureClassLoader debug Lsun/security/util/Debug; null
instanceKlass java/lang/ClassNotFoundException
ciInstanceKlass java/lang/ReflectiveOperationException 0 0 27 1 1 1 1 1 1 1 1 1 1 1 1 5 0 100 100 1 12 12 12 12 10 10 10 10 1
ciInstanceKlass java/lang/ClassNotFoundException 0 0 32 1 1 1 1 1 1 1 1 1 1 1 1 1 1 1 1 5 0 100 100 100 1 1 1 12 12 12 9 10 10 1
instanceKlass java/lang/IncompatibleClassChangeError
instanceKlass java/lang/BootstrapMethodError
instanceKlass java/lang/NoClassDefFoundError
ciInstanceKlass java/lang/LinkageError 1 1 24 1 1 1 1 1 1 1 1 1 1 1 5 0 7 100 1 12 12 12 10 10 10 1
ciInstanceKlass java/lang/NoClassDefFoundError 0 0 21 1 1 1 1 1 1 1 1 1 1 1 5 0 100 100 12 12 10 10 1
ciInstanceKlass java/lang/ClassCastException 1 1 21 1 1 1 1 1 1 1 1 1 1 1 5 0 100 100 12 12 10 10 1
ciInstanceKlass java/lang/ArrayStoreException 1 1 21 1 1 1 1 1 1 1 1 1 1 1 5 0 100 100 12 12 10 10 1
instanceKlass java/lang/StackOverflowError
instanceKlass java/lang/OutOfMemoryError
ciInstanceKlass java/lang/VirtualMachineError 1 1 27 1 1 1 1 1 1 1 1 1 1 1 1 5 0 100 100 1 12 12 12 12 10 10 10 10 1
ciInstanceKlass java/lang/OutOfMemoryError 1 1 21 1 1 1 1 1 1 1 1 1 1 1 5 0 100 100 12 12 10 10 1
ciInstanceKlass java/lang/StackOverflowError 1 1 21 1 1 1 1 1 1 1 1 1 1 1 5 0 100 100 12 12 10 10 1
ciInstanceKlass java/lang/IllegalMonitorStateException 1 1 21 1 1 1 1 1 1 1 1 1 1 1 5 0 100 100 12 12 10 10 1
instanceKlass java/lang/ref/PhantomReference
instanceKlass java/lang/ref/FinalReference
instanceKlass java/lang/ref/WeakReference
instanceKlass java/lang/ref/SoftReference
ciInstanceKlass java/lang/ref/Reference 1 1 117 8 1 1 1 1 1 1 1 1 1 1 1 1 1 1 1 1 1 1 1 1 1 1 1 1 1 1 1 1 1 1 1 1 1 1 1 1 1 1 1 1 1 1 1 1 1 1 1 1 1 7 7 7 7 100 7 7 7 1 1 1 1 1 1 1 1 1 1 1 1 1 1 1 1 1 1 1 12 12 12 12 12 12 12 12 12 12 12 12 12 12 12 12 12 12 9 9 9 9 9 9 9 10 10 10 10 10 10 10 10 10 10 10 1 1 1
instanceKlass sun/util/locale/LocaleObjectCache$CacheEntry
ciInstanceKlass java/lang/ref/SoftReference 1 1 35 1 1 1 1 1 1 1 1 1 1 1 1 1 1 1 1 100 7 7 1 1 1 1 12 12 12 12 12 9 9 10 10 10 1
instanceKlass java/lang/ThreadLocal$ThreadLocalMap$Entry
instanceKlass java/lang/ClassValue$Entry
instanceKlass java/util/WeakHashMap$Entry
ciInstanceKlass java/lang/ref/WeakReference 1 1 20 1 1 1 1 1 1 1 1 7 100 1 1 1 1 12 12 10 10 1
instanceKlass java/lang/ref/Finalizer
ciInstanceKlass java/lang/ref/FinalReference 1 1 16 1 1 1 1 1 1 1 100 7 1 1 1 12 10 1
instanceKlass sun/misc/Cleaner
ciInstanceKlass java/lang/ref/PhantomReference 0 0 19 1 1 1 1 1 1 1 1 1 1 100 100 1 1 1 12 10 1
ciInstanceKlass sun/misc/Cleaner 0 0 74 1 1 1 1 1 1 1 1 1 1 1 1 1 1 1 1 1 1 1 1 1 1 1 1 1 1 1 100 100 100 100 100 100 100 1 1 1 1 1 1 1 1 1 1 1 1 12 12 12 12 12 12 12 12 12 12 12 12 12 9 9 9 9 9 10 10 10 10 10 10 10 11 1
ciInstanceKlass java/lang/ref/Finalizer 1 1 148 1 1 1 1 1 1 1 1 1 1 1 1 1 1 1 1 1 1 1 1 1 1 1 1 1 1 1 1 1 1 1 1 1 1 1 1 1 1 1 1 1 1 1 1 1 1 1 1 1 1 1 1 1 1 1 1 1 1 1 7 7 7 7 100 7 7 100 100 100 7 7 100 7 100 1 1 1 1 1 1 1 1 1 1 1 1 1 1 1 1 12 12 12 12 12 12 12 12 12 12 12 12 12 12 12 12 12 12 12 12 12 12 12 12 12 12 9 9 9 9 9 10 10 10 10 10 10 10 10 10 10 10 10 10 10 10 10 10 10 10 10 10 10 10 11 1 1
staticfield java/lang/ref/Finalizer lock Ljava/lang/Object; java/lang/Object
ciInstanceKlass java/lang/Runnable 1 0 11 1 1 1 1 1 1 100 100 1 1
instanceKlass java/lang/ref/Finalizer$FinalizerThread
instanceKlass java/lang/ref/Reference$ReferenceHandler
ciInstanceKlass java/lang/Thread 1 1 546 3 3 8 8 8 8 8 8 8 8 8 8 8 8 7 1 1 1 1 1 1 1 1 1 1 1 1 1 1 1 1 1 1 1 1 1 1 1 1 1 1 1 1 1 1 1 1 1 1 1 1 1 1 1 1 1 1 1 1 1 1 1 1 1 1 1 1 1 1 1 1 1 1 1 1 1 1 1 1 1 1 1 1 1 1 1 1 1 1 1 1 1 1 1 1 1 1 1 1 1 1 1 1 1 1 1 1 1 1 1 1 1 1 1 1 1 1 1 1 1 1 1 1 1 1 1 1 1 1 1 1 1 1 1 1 1 1 1 1 1 1 1 1 1 1 1 1 1 1 1 1 1 1 1 1 1 1 1 1 1 1 1 1 1 1 1 1 1 1 1 1 1 1 1 1 1 1 1 1 1 1 1 1 1 1 1 1 1 1 1 1 1 1 1 1 1 1 1 1 1 1 1 1 1 1 1 1 1 1 1 1 1 1 1 1 1 1 1 1 1 1 1 1 1 1 1 1 3 3 3 100 100 100 100 100 100 100 100 100 100 100 100 7 7 7 100 7 7 100 7 100 100 100 100 100 100 7 100 100 100 100 100 100 100 7 100 100 100 100 100 100 100 1 1 1 1 1 1 1 1 1 1 1 1 1 1 1 1 1 1 1 1 1 1 1 1 1 1 1 1 1 1 1 1 1 1 1 1 1 1 1 1 1 1 1 1 1 1 1 1 1 1 1 1 1 1 1 1 1 1 12 12 12 12 12 12 12 12 12 12 12 12 12 12 12 12 12 12 12 12 12 12 12 12 12 12 12 12 12 12 12 12 12 12 12 12 12 12 12 12 12 12 12 12 12 12 12 12 12 12 12 12 12 12 12 12 12 12 12 12 12 12 12 12 12 12 12 12 12 12 12 12 12 12 12 12 12 12 12 12 12 12 12 12 12 12 12 12 12 12 12 12 12 12 12 12 12 12 9 9 9 9 9 9 9 9 9 9 9 9 9 9 9 9 9 9 9 9 9 9 9 9 9 9 10 10 10 10 10 10 10 10 10 10 10 10 10 10 10 10 10 10 10 10 10 10 10 10 10 10 10 10 10 10 10 10 10 10 10 10 10 10 10 10 10 10 10 10 10 10 10 10 10 10 10 10 10 10 10 10 10 10 10 10 10 10 10 10 10 10 10 10 10 10 10 10 10 10 10 10 10 10 10 11 11 11 11 11 11 11 1 1 1 1 1
staticfield java/lang/Thread EMPTY_STACK_TRACE [Ljava/lang/StackTraceElement; 0 [Ljava/lang/StackTraceElement;
staticfield java/lang/Thread SUBCLASS_IMPLEMENTATION_PERMISSION Ljava/lang/RuntimePermission; java/lang/RuntimePermission
ciInstanceKlass java/lang/ThreadGroup 1 1 268 8 8 8 8 8 8 8 1 1 1 1 1 1 1 1 1 1 1 1 1 1 1 1 1 1 1 1 1 1 1 1 1 1 1 1 1 1 1 1 1 1 1 1 1 1 1 1 1 1 1 1 1 1 1 1 1 1 1 1 1 1 1 1 1 1 1 1 1 1 1 1 1 1 1 1 1 1 1 1 1 1 1 1 1 1 1 1 1 1 1 1 1 1 1 1 1 1 1 1 1 1 1 1 1 1 1 1 1 100 100 100 100 100 100 7 100 100 7 7 100 100 7 100 100 100 1 1 1 1 1 1 1 1 1 1 1 1 1 1 1 1 1 1 1 1 1 1 1 1 1 1 1 12 12 12 12 12 12 12 12 12 12 12 12 12 12 12 12 12 12 12 12 12 12 12 12 12 12 12 12 12 12 12 12 12 12 12 12 12 12 12 12 12 12 12 12 12 12 12 12 12 12 12 12 12 9 9 9 9 9 9 9 9 9 9 9 9 9 10 10 10 10 10 10 10 10 10 10 10 10 10 10 10 10 10 10 10 10 10 10 10 10 10 10 10 10 10 10 10 10 10 10 10 10 10 10 10 10 10 10 10 10 10 10 11 1 1
instanceKlass java/util/Hashtable
ciInstanceKlass java/util/Dictionary 1 1 31 1 1 1 1 1 1 1 1 1 1 1 1 1 1 1 1 1 1 1 7 100 1 1 1 1 1 1 12 10 1
instanceKlass java/util/Properties
ciInstanceKlass java/util/Hashtable 1 1 397 3 3 4 4 8 8 8 8 8 1 1 1 1 1 1 1 1 1 1 1 1 1 1 1 1 1 1 1 1 1 1 1 1 1 1 1 1 1 1 1 1 1 1 1 1 1 1 1 1 1 1 1 1 1 1 1 1 1 1 1 1 1 1 1 1 1 1 1 1 1 1 1 1 1 1 1 1 1 1 1 1 1 1 1 1 1 1 1 1 1 1 1 1 1 1 1 1 1 1 1 1 1 1 1 1 1 1 1 1 1 1 1 1 1 1 1 1 1 1 1 1 1 1 1 1 1 1 1 1 1 1 1 1 1 1 1 1 1 1 1 1 1 1 1 1 1 1 1 1 1 1 1 1 1 1 1 1 1 1 3 3 3 5 0 100 100 100 100 100 100 100 100 100 100 7 100 100 7 100 7 100 100 100 7 100 7 7 100 7 7 7 100 100 7 7 7 100 7 100 100 100 1 1 1 1 1 1 1 1 1 1 1 1 1 1 1 1 1 1 1 1 1 1 1 1 1 1 1 1 1 1 1 1 1 1 1 1 1 1 1 1 1 1 1 1 1 1 1 1 1 1 1 1 1 1 12 12 12 12 12 12 12 12 12 12 12 12 12 12 12 12 12 12 12 12 12 12 12 12 12 12 12 12 12 12 12 12 12 12 12 12 12 12 12 12 12 12 12 12 12 12 12 12 12 12 12 12 12 12 12 12 12 12 12 12 12 12 9 9 9 9 9 9 9 9 9 9 9 9 10 10 10 10 10 10 10 10 10 10 10 10 10 10 10 10 10 10 10 10 10 10 10 10 10 10 10 10 10 10 10 10 10 10 10 10 10 10 10 10 10 10 10 10 10 10 10 10 10 10 11 11 11 11 11 11 11 11 11 11 11 11 1 1 1 1 1
ciInstanceKlass java/util/Properties 1 1 263 3 8 8 8 8 8 8 8 1 1 1 1 1 1 1 1 1 1 1 1 1 1 1 1 1 1 1 1 1 1 1 1 1 1 1 1 1 1 1 1 1 1 1 1 1 1 1 1 1 1 1 1 1 1 1 1 1 1 1 1 1 1 1 1 1 1 1 1 1 1 1 1 1 1 1 1 1 1 1 1 1 1 1 1 1 1 1 1 1 1 1 1 1 1 1 1 1 1 1 1 1 1 1 1 1 5 0 100 100 100 100 100 100 100 100 100 100 100 7 100 100 100 100 100 7 100 100 7 100 100 1 1 1 1 1 1 1 1 1 1 1 1 1 1 1 1 1 1 1 1 1 1 1 1 1 1 1 1 1 1 1 12 12 12 12 12 12 12 12 12 12 12 12 12 12 12 12 12 12 12 12 12 12 12 12 12 12 12 12 12 12 12 12 12 12 12 12 12 12 12 12 12 12 12 12 12 9 9 9 10 10 10 10 10 10 10 10 10 10 10 10 10 10 10 10 10 10 10 10 10 10 10 10 10 10 10 10 10 10 10 10 10 10 10 10 10 10 10 10 10 10 10 10 10 10 10 10 11 11 1 1 1
staticfield java/util/Properties hexDigit [C 16
instanceKlass java/lang/reflect/Executable
instanceKlass java/lang/reflect/Field
ciInstanceKlass java/lang/reflect/AccessibleObject 1 1 144 8 8 8 7 1 1 1 1 1 1 1 1 1 1 1 1 1 1 1 1 1 1 1 1 1 1 1 1 1 1 1 1 1 1 1 1 1 1 1 1 1 1 1 1 1 1 1 1 1 1 1 1 1 1 1 1 1 1 1 1 1 1 1 100 100 100 7 100 100 7 7 100 7 100 7 7 100 7 7 1 1 1 1 1 1 1 1 1 1 1 1 1 1 1 1 1 1 1 1 12 12 12 12 12 12 12 12 12 12 12 12 12 12 12 12 12 12 12 12 9 9 9 9 10 10 10 10 10 10 10 10 10 10 10 10 10 10 10 10 10 11 1 1
staticfield java/lang/reflect/AccessibleObject ACCESS_PERMISSION Ljava/security/Permission; java/lang/reflect/ReflectPermission
staticfield java/lang/reflect/AccessibleObject reflectionFactory Lsun/reflect/ReflectionFactory; sun/reflect/ReflectionFactory
ciInstanceKlass java/lang/reflect/Field 1 1 362 8 8 8 8 1 1 1 1 1 1 1 1 1 1 1 1 1 1 1 1 1 1 1 1 1 1 1 1 1 1 1 1 1 1 1 1 1 1 1 1 1 1 1 1 1 1 1 1 1 1 1 1 1 1 1 1 1 1 1 1 1 1 1 1 1 1 1 1 1 1 1 1 1 1 1 1 1 1 1 1 1 1 1 1 1 1 1 1 1 1 1 1 1 1 1 1 1 1 1 1 1 1 1 1 1 1 1 1 1 1 1 1 1 1 1 1 1 1 1 1 1 1 1 1 1 1 1 1 1 1 1 1 100 100 100 100 100 100 7 7 100 100 100 100 100 100 100 100 100 100 100 100 100 100 100 100 100 100 1 1 1 1 1 1 1 1 1 1 1 1 1 1 1 1 1 1 1 1 1 1 1 1 1 1 1 1 1 1 1 1 1 1 1 1 1 1 1 1 1 1 1 1 1 1 1 1 1 1 1 1 1 1 12 12 12 12 12 12 12 12 12 12 12 12 12 12 12 12 12 12 12 12 12 12 12 12 12 12 12 12 12 12 12 12 12 12 12 12 12 12 12 12 12 12 12 12 12 12 12 12 12 12 12 12 12 12 12 12 12 12 12 12 12 12 12 12 12 12 12 12 12 12 12 9 9 9 9 9 9 9 9 9 9 9 9 9 9 9 10 10 10 10 10 10 10 10 10 10 10 10 10 10 10 10 10 10 10 10 10 10 10 10 10 10 10 10 10 10 10 10 10 10 10 10 10 10 10 10 11 11 11 11 11 11 11 11 11 11 11 11 11 11 11 11 11 11 11 11 11 1 1
ciInstanceKlass java/lang/reflect/Parameter 0 0 210 8 8 8 8 1 1 1 1 1 1 1 1 1 1 1 1 1 1 1 1 1 1 1 1 1 1 1 1 1 1 1 1 1 1 1 1 1 1 1 1 1 1 1 1 1 1 1 1 1 1 1 1 1 1 1 1 1 1 1 1 1 1 1 1 1 1 1 1 1 1 1 1 1 1 1 1 1 1 1 1 1 1 1 100 100 100 100 100 100 100 100 100 100 100 100 100 100 100 1 1 1 1 1 1 1 1 1 1 1 1 1 1 1 1 1 1 1 1 1 1 1 1 1 1 1 1 12 12 12 12 12 12 12 12 12 12 12 12 12 12 12 12 12 12 12 12 12 12 12 12 12 12 12 12 12 12 12 12 12 12 12 12 12 12 12 9 9 9 9 9 9 9 10 10 10 10 10 10 10 10 10 10 10 10 10 10 10 10 10 10 10 10 10 10 10 10 10 10 10 10 10 10 10 10 11 11 11 11 1
instanceKlass java/lang/reflect/Constructor
instanceKlass java/lang/reflect/Method
ciInstanceKlass java/lang/reflect/Executable 1 1 378 3 8 8 8 8 8 8 8 8 8 8 8 8 8 8 1 1 1 1 1 1 1 1 1 1 1 1 1 1 1 1 1 1 1 1 1 1 1 1 1 1 1 1 1 1 1 1 1 1 1 1 1 1 1 1 1 1 1 1 1 1 1 1 1 1 1 1 1 1 1 1 1 1 1 1 1 1 1 1 1 1 1 1 1 1 1 1 1 1 1 1 1 1 1 1 1 1 1 1 1 1 1 1 1 1 1 1 1 1 1 1 1 1 1 1 1 1 1 1 1 1 1 1 1 1 1 1 1 1 1 1 1 1 1 1 1 1 1 1 1 1 1 1 1 1 1 1 1 1 1 1 100 100 100 100 100 100 100 100 100 100 100 100 100 7 100 100 100 100 100 100 100 100 100 100 100 100 100 100 100 100 100 100 1 1 1 1 1 1 1 1 1 1 1 1 1 1 1 1 1 1 1 1 1 1 1 1 1 1 1 1 1 1 1 1 1 1 1 1 1 1 1 1 1 1 1 1 1 1 1 1 1 1 1 12 12 12 12 12 12 12 12 12 12 12 12 12 12 12 12 12 12 12 12 12 12 12 12 12 12 12 12 12 12 12 12 12 12 12 12 12 12 12 12 12 12 12 12 12 12 12 12 12 12 12 12 12 12 12 12 12 12 12 12 12 12 12 12 12 12 12 12 9 9 9 9 9 9 9 10 10 10 10 10 10 10 10 10 10 10 10 10 10 10 10 10 10 10 10 10 10 10 10 10 10 10 10 10 10 10 10 10 10 10 10 10 10 10 10 10 10 10 10 10 10 10 10 10 10 10 10 10 10 10 10 10 10 10 10 10 10 10 11 11 11 1 1
ciInstanceKlass java/lang/reflect/Method 1 1 346 8 8 8 1 1 1 1 1 1 1 1 1 1 1 1 1 1 1 1 1 1 1 1 1 1 1 1 1 1 1 1 1 1 1 1 1 1 1 1 1 1 1 1 1 1 1 1 1 1 1 1 1 1 1 1 1 1 1 1 1 1 1 1 1 1 1 1 1 1 1 1 1 1 1 1 1 1 1 1 1 1 1 1 1 1 1 1 1 1 1 1 1 1 1 1 1 1 1 1 1 1 1 1 1 1 1 1 1 1 1 1 1 1 1 1 1 1 1 1 1 1 1 1 1 1 1 1 1 1 1 1 7 100 100 100 100 100 100 100 100 7 100 7 100 100 100 100 100 100 7 100 7 100 100 100 100 100 100 1 1 1 1 1 1 1 1 1 1 1 1 1 1 1 1 1 1 1 1 1 1 1 1 1 1 1 1 1 1 1 1 1 1 1 1 1 1 1 1 1 1 1 1 1 1 1 1 12 12 12 12 12 12 12 12 12 12 12 12 12 12 12 12 12 12 12 12 12 12 12 12 12 12 12 12 12 12 12 12 12 12 12 12 12 12 12 12 12 12 12 12 12 12 12 12 12 12 12 12 12 12 12 12 12 12 12 12 12 12 12 12 12 12 12 9 9 9 9 9 9 9 9 9 9 9 9 9 9 9 9 10 10 10 10 10 10 10 10 10 10 10 10 10 10 10 10 10 10 10 10 10 10 10 10 10 10 10 10 10 10 10 10 10 10 10 10 10 10 10 10 10 10 10 10 10 10 10 10 10 10 10 10 11 11 11 1
ciInstanceKlass java/lang/reflect/Constructor 1 1 330 8 8 8 1 1 1 1 1 1 1 1 1 1 1 1 1 1 1 1 1 1 1 1 1 1 1 1 1 1 1 1 1 1 1 1 1 1 1 1 1 1 1 1 1 1 1 1 1 1 1 1 1 1 1 1 1 1 1 1 1 1 1 1 1 1 1 1 1 1 1 1 1 1 1 1 1 1 1 1 1 1 1 1 1 1 1 1 1 1 1 1 1 1 1 1 1 1 1 1 1 1 1 1 1 1 1 1 1 1 1 1 1 1 1 1 1 1 1 1 1 1 1 1 1 1 1 1 1 1 7 100 7 100 100 100 100 100 100 7 7 100 100 100 100 100 7 100 7 100 100 100 100 100 100 1 1 1 1 1 1 1 1 1 1 1 1 1 1 1 1 1 1 1 1 1 1 1 1 1 1 1 1 1 1 1 1 1 1 1 1 1 1 1 1 1 1 1 1 1 1 1 1 12 12 12 12 12 12 12 12 12 12 12 12 12 12 12 12 12 12 12 12 12 12 12 12 12 12 12 12 12 12 12 12 12 12 12 12 12 12 12 12 12 12 12 12 12 12 12 12 12 12 12 12 12 12 12 12 12 12 12 12 12 12 9 9 9 9 9 9 9 9 9 9 9 9 9 9 10 10 10 10 10 10 10 10 10 10 10 10 10 10 10 10 10 10 10 10 10 10 10 10 10 10 10 10 10 10 10 10 10 10 10 10 10 10 10 10 10 10 10 10 10 10 10 11 11 1 1
instanceKlass sun/reflect/FieldAccessorImpl
instanceKlass sun/reflect/ConstructorAccessorImpl
instanceKlass sun/reflect/MethodAccessorImpl
ciInstanceKlass sun/reflect/MagicAccessorImpl 1 1 13 1 1 1 1 1 1 1 7 100 12 10 1
instanceKlass sun/reflect/DelegatingMethodAccessorImpl
instanceKlass sun/reflect/NativeMethodAccessorImpl
ciInstanceKlass sun/reflect/MethodAccessorImpl 1 1 22 1 1 1 1 1 1 1 1 1 1 1 1 1 100 100 7 100 100 12 10 1
instanceKlass sun/reflect/DelegatingConstructorAccessorImpl
instanceKlass sun/reflect/NativeConstructorAccessorImpl
ciInstanceKlass sun/reflect/ConstructorAccessorImpl 1 1 24 1 1 1 1 1 1 1 1 1 1 1 1 1 1 100 100 100 100 100 7 12 10 1
ciInstanceKlass sun/reflect/DelegatingClassLoader 0 0 13 1 1 1 1 1 1 1 100 100 1 12 10
ciInstanceKlass sun/reflect/ConstantPool 0 0 106 8 100 1 1 1 1 1 1 1 1 1 1 1 1 1 1 1 1 1 1 1 1 1 1 1 1 1 1 1 1 1 1 1 1 1 1 1 1 1 1 1 1 1 1 1 1 1 1 1 1 100 100 100 1 1 1 1 1 1 1 1 1 1 1 1 1 1 1 1 1 12 12 12 12 12 12 12 12 12 12 12 12 12 12 12 12 12 9 10 10 10 10 10 10 10 10 10 10 10 10 10 10 10 10 1
instanceKlass sun/reflect/UnsafeFieldAccessorImpl
ciInstanceKlass sun/reflect/FieldAccessorImpl 0 0 56 1 1 1 1 1 1 1 1 1 1 1 1 1 1 1 1 1 1 1 1 1 1 1 1 1 1 1 1 1 1 1 1 1 1 100 100 100 100 100 1 1 1 1 1 1 1 1 1 1 1 1 1 12 10 1
instanceKlass sun/reflect/UnsafeStaticFieldAccessorImpl
ciInstanceKlass sun/reflect/UnsafeFieldAccessorImpl 0 0 229 8 8 8 8 8 8 8 8 8 8 8 8 8 8 8 8 8 8 8 8 8 8 1 1 1 1 1 1 1 1 1 1 1 1 1 1 1 1 1 1 1 1 1 1 1 1 1 1 1 1 1 1 1 1 1 1 1 1 1 1 1 1 1 1 1 1 1 1 1 1 1 1 1 1 1 1 1 1 1 1 1 1 1 1 1 1 1 1 1 1 1 1 1 1 1 1 1 1 1 1 1 1 1 1 1 1 1 1 1 1 1 1 1 1 1 1 1 1 1 100 100 100 100 100 100 100 100 100 100 100 100 100 100 100 100 100 100 100 1 1 1 1 1 1 1 1 1 1 1 1 1 1 1 1 1 1 12 12 12 12 12 12 12 12 12 12 12 12 12 12 12 12 12 12 12 12 12 12 12 12 12 12 12 12 12 12 12 12 12 12 9 9 9 9 10 10 10 10 10 10 10 10 10 10 10 10 10 10 10 10 10 10 10 10 10 10 10 10 10 10 10 10 10 10 10 10 10 1
ciInstanceKlass sun/reflect/UnsafeStaticFieldAccessorImpl 0 0 38 8 100 1 1 1 1 1 1 1 1 1 1 1 1 1 1 1 1 100 100 100 100 1 1 1 1 12 12 12 12 12 9 9 10 10 10 1
ciInstanceKlass sun/reflect/CallerSensitive 0 0 17 1 1 1 1 1 1 1 1 100 100 100 1 1 1 1 1
instanceKlass java/lang/invoke/DirectMethodHandle
ciInstanceKlass java/lang/invoke/MethodHandle 1 1 438 8 8 8 8 8 8 8 8 8 8 8 8 8 7 1 1 1 1 1 1 1 1 1 1 1 1 1 1 1 1 1 1 1 1 1 1 1 1 1 1 1 1 1 1 1 1 1 1 1 1 1 1 1 1 1 1 1 1 1 1 1 1 1 1 1 1 1 1 1 1 1 1 1 1 1 1 1 1 1 1 1 1 1 1 1 1 1 1 1 1 1 1 1 1 1 1 1 1 1 1 1 1 1 1 1 1 1 1 1 1 1 1 1 1 1 1 1 1 1 1 1 1 1 1 1 1 1 1 1 1 1 1 1 1 1 1 1 1 1 1 1 1 1 1 1 1 1 1 1 1 1 1 1 1 1 1 1 1 1 1 1 1 1 1 1 1 1 1 1 1 1 100 7 100 100 100 100 100 100 100 100 100 100 100 100 100 100 100 7 100 7 100 100 100 100 7 1 1 1 1 1 1 1 1 1 1 1 1 1 1 1 1 1 1 1 1 1 1 1 1 1 1 1 1 1 1 1 1 1 1 1 1 1 1 1 1 1 1 1 1 1 1 1 1 1 1 1 1 1 1 1 1 1 1 1 1 1 1 1 1 1 1 1 12 12 12 12 12 12 12 12 12 12 12 12 12 12 12 12 12 12 12 12 12 12 12 12 12 12 12 12 12 12 12 12 12 12 12 12 12 12 12 12 12 12 12 12 12 12 12 12 12 12 12 12 12 12 12 12 12 12 12 12 12 12 12 12 12 12 12 12 12 12 12 12 12 12 12 12 12 12 12 12 12 12 12 9 9 9 9 9 9 9 9 9 9 9 9 10 10 10 10 10 10 10 10 10 10 10 10 10 10 10 10 10 10 10 10 10 10 10 10 10 10 10 10 10 10 10 10 10 10 10 10 10 10 10 10 10 10 10 10 10 10 10 10 10 10 10 10 10 10 10 10 10 10 10 10 10 10 10 10 10 10 10 10 10 10 10 10 10 10 10 11 1 1 1
staticfield java/lang/invoke/MethodHandle FORM_OFFSET J 20
staticfield java/lang/invoke/MethodHandle $assertionsDisabled Z 1
ciInstanceKlass java/lang/invoke/DirectMethodHandle 0 0 694 8 8 8 8 8 8 8 8 8 8 8 8 8 8 8 8 8 8 8 8 8 8 100 100 100 100 100 100 100 100 100 100 100 1 1 1 1 1 1 1 1 1 1 1 1 1 1 1 1 1 1 1 1 1 1 1 1 1 1 1 1 1 1 1 1 1 1 1 1 1 1 1 1 1 1 1 1 1 1 1 1 1 1 1 1 1 1 1 1 1 1 1 1 1 1 1 1 1 1 1 1 1 1 1 1 1 1 1 1 1 1 1 1 1 1 1 1 1 1 1 1 1 1 1 1 1 1 1 1 1 1 1 1 1 1 1 1 1 1 1 1 1 1 1 1 1 1 1 1 1 1 1 1 1 1 1 1 1 1 1 1 1 1 1 1 1 1 1 1 1 1 1 1 1 1 1 1 1 1 1 1 1 1 1 1 1 1 1 1 1 1 1 1 1 1 1 1 1 1 1 1 1 1 1 1 1 1 1 1 1 1 1 1 1 1 1 1 1 1 1 1 1 1 1 1 1 1 1 1 1 1 1 1 1 1 1 1 1 1 1 1 1 1 1 1 1 1 1 1 1 1 1 1 1 1 1 1 1 1 1 1 1 1 100 100 100 100 100 100 100 100 100 100 100 100 100 100 100 100 100 100 100 100 100 100 100 100 100 100 100 100 100 100 100 100 100 100 100 100 1 1 1 1 1 1 1 1 1 1 1 1 1 1 1 1 1 1 1 1 1 1 1 1 1 1 1 1 1 1 1 1 1 1 1 1 1 1 1 1 1 1 1 1 1 1 1 1 1 1 1 1 1 1 1 1 1 1 1 1 1 1 1 1 1 1 1 1 1 1 1 1 1 1 1 1 1 1 12 12 12 12 12 12 12 12 12 12 12 12 12 12 12 12 12 12 12 12 12 12 12 12 12 12 12 12 12 12 12 12 12 12 12 12 12 12 12 12 12 12 12 12 12 12 12 12 12 12 12 12 12 12 12 12 12 12 12 12 12 12 12 12 12 12 12 12 12 12 12 12 12 12 12 12 12 12 12 12 12 12 12 12 12 12 12 12 12 12 12 12 12 12 12 12 12 12 12 12 12 12 12 12 12 12 12 12 12 12 12 12 12 12 12 12 12 12 12 12 12 12 12 12 12 12 12 12 12 12 12 12 12 12 12 12 12 12 12 12 12 12 12 12 12 12 12 12 12 12 9 9 9 9 9 9 9 9 9 9 9 9 9 9 9 9 9 9 9 9 9 9 9 9 9 9 9 9 9 9 9 9 9 9 9 10 10 10 10 10 10 10 10 10 10 10 10 10 10 10 10 10 10 10 10 10 10 10 10 10 10 10 10 10 10 10 10 10 10 10 10 10 10 10 10 10 10 10 10 10 10 10 10 10 10 10 10 10 10 10 10 10 10 10 10 10 10 10 10 10 10 10 10 10 10 10 10 10 10 10 10 10 10 10 10 10 10 10 10 10 10 10 10 10 10 10 10 10 10 10 10 10 10 10 10 10 10 10 10 10 10 10 10 10 10 10 10 10 10 10 10 10 10 10 10 10 10 1 1 1 1 1 1 1 1 1
ciInstanceKlass java/lang/invoke/MemberName 1 1 644 3 3 3 3 3 3 3 3 3 3 3 8 8 8 8 8 8 8 8 8 8 8 8 8 8 8 8 8 8 8 8 8 8 8 8 8 8 8 8 8 8 8 8 100 100 7 100 1 1 1 1 1 1 1 1 1 1 1 1 1 1 1 1 1 1 1 1 1 1 1 1 1 1 1 1 1 1 1 1 1 1 1 1 1 1 1 1 1 1 1 1 1 1 1 1 1 1 1 1 1 1 1 1 1 1 1 1 1 1 1 1 1 1 1 1 1 1 1 1 1 1 1 1 1 1 1 1 1 1 1 1 1 1 1 1 1 1 1 1 1 1 1 1 1 1 1 1 1 1 1 1 1 1 1 1 1 1 1 1 1 1 1 1 1 1 1 1 1 1 1 1 1 1 1 1 1 1 1 1 1 1 1 1 1 1 1 1 1 1 1 1 1 1 1 1 1 1 1 1 1 1 1 1 1 1 1 1 1 1 1 1 1 1 1 1 1 1 1 1 1 1 1 1 1 1 1 1 1 1 1 1 1 1 1 1 1 1 1 1 1 1 1 1 1 1 1 1 1 1 1 1 1 1 1 1 1 1 1 1 1 1 1 1 1 1 1 1 1 1 1 1 1 1 1 1 1 1 1 1 3 3 3 3 3 3 3 3 100 100 100 100 100 100 7 100 100 100 100 100 100 100 100 100 100 100 100 100 100 100 100 100 100 100 100 100 100 100 100 100 100 100 100 100 100 100 100 1 1 1 1 1 1 1 1 1 1 1 1 1 1 1 1 1 1 1 1 1 1 1 1 1 1 1 1 1 1 1 1 1 1 1 1 1 1 1 1 1 1 1 1 1 1 1 1 1 1 1 1 1 1 1 1 1 1 1 1 1 1 1 1 12 12 12 12 12 12 12 12 12 12 12 12 12 12 12 12 12 12 12 12 12 12 12 12 12 12 12 12 12 12 12 12 12 12 12 12 12 12 12 12 12 12 12 12 12 12 12 12 12 12 12 12 12 12 12 12 12 12 12 12 12 12 12 12 12 12 12 12 12 12 12 12 12 12 12 12 12 12 12 12 12 12 12 12 12 12 12 12 12 12 12 12 12 12 12 12 12 12 12 12 12 12 12 12 12 12 12 12 12 12 12 12 12 9 9 9 9 9 9 9 9 9 9 10 10 10 10 10 10 10 10 10 10 10 10 10 10 10 10 10 10 10 10 10 10 10 10 10 10 10 10 10 10 10 10 10 10 10 10 10 10 10 10 10 10 10 10 10 10 10 10 10 10 10 10 10 10 10 10 10 10 10 10 10 10 10 10 10 10 10 10 10 10 10 10 10 10 10 10 10 10 10 10 10 10 10 10 10 10 10 10 10 10 10 10 10 10 10 10 10 10 10 10 10 10 10 10 10 10 10 10 10 10 10 10 10 10 10 10 10 10 10 10 10 10 10 10 10 10 1 1 1 1
staticfield java/lang/invoke/MemberName $assertionsDisabled Z 1
ciInstanceKlass java/lang/invoke/MethodHandleNatives 1 1 425 8 8 8 8 8 8 8 8 8 8 8 8 8 8 8 8 8 8 8 8 8 8 8 8 8 8 8 8 100 100 100 7 100 1 1 1 1 1 1 1 1 1 1 1 1 1 1 1 1 1 1 1 1 1 1 1 1 1 1 1 1 1 1 1 1 1 1 1 1 1 1 1 1 1 1 1 1 1 1 1 1 1 1 1 1 1 1 1 1 1 1 1 1 1 1 1 1 1 1 1 1 1 1 1 1 1 1 1 1 1 1 1 1 1 1 1 1 1 1 1 1 1 1 1 1 1 1 1 1 1 1 1 1 1 1 1 1 1 1 1 1 1 1 1 1 1 1 1 1 1 1 1 1 1 1 1 1 1 1 1 1 1 1 1 1 1 1 1 1 1 1 1 1 1 1 1 1 1 1 1 1 1 1 1 1 1 1 1 1 1 1 1 1 1 1 1 1 1 1 100 100 100 100 7 100 100 100 100 100 100 100 100 100 100 100 100 100 100 100 100 100 100 100 100 100 100 7 100 100 100 100 100 100 1 1 1 1 1 1 1 1 1 1 1 1 1 1 1 1 1 1 1 1 1 1 1 1 1 1 1 1 1 1 1 1 1 1 1 1 1 1 1 1 1 1 1 1 1 1 1 12 12 12 12 12 12 12 12 12 12 12 12 12 12 12 12 12 12 12 12 12 12 12 12 12 12 12 12 12 12 12 12 12 12 12 12 12 12 12 12 12 12 12 12 12 12 12 12 12 12 12 12 12 12 12 12 12 12 12 12 12 12 12 12 9 9 9 9 9 9 10 10 10 10 10 10 10 10 10 10 10 10 10 10 10 10 10 10 10 10 10 10 10 10 10 10 10 10 10 10 10 10 10 10 10 10 10 10 10 10 10 10 10 10 10 10 10 10 10 10 10 10 10 10 10 10 10 10 10 10 10 10 10 10 10 10 10 10 10 10 10 1 1 1
staticfield java/lang/invoke/MethodHandleNatives COUNT_GWT Z 1
staticfield java/lang/invoke/MethodHandleNatives $assertionsDisabled Z 1
ciInstanceKlass java/lang/invoke/LambdaForm 0 0 967 8 8 8 8 8 8 8 8 8 8 8 8 8 8 8 8 8 8 8 8 8 8 8 8 8 8 8 8 8 8 8 8 8 8 8 8 8 8 8 8 8 8 8 8 8 8 8 8 8 8 8 8 8 8 100 100 100 1 1 1 1 1 1 1 1 1 1 1 1 1 1 1 1 1 1 1 1 1 1 1 1 1 1 1 1 1 1 1 1 1 1 1 1 1 1 1 1 1 1 1 1 1 1 1 1 1 1 1 1 1 1 1 1 1 1 1 1 1 1 1 1 1 1 1 1 1 1 1 1 1 1 1 1 1 1 1 1 1 1 1 1 1 1 1 1 1 1 1 1 1 1 1 1 1 1 1 1 1 1 1 1 1 1 1 1 1 1 1 1 1 1 1 1 1 1 1 1 1 1 1 1 1 1 1 1 1 1 1 1 1 1 1 1 1 1 1 1 1 1 1 1 1 1 1 1 1 1 1 1 1 1 1 1 1 1 1 1 1 1 1 1 1 1 1 1 1 1 1 1 1 1 1 1 1 1 1 1 1 1 1 1 1 1 1 1 1 1 1 1 1 1 1 1 1 1 1 1 1 1 1 1 1 1 1 1 1 1 1 1 1 1 1 1 1 1 1 1 1 1 1 1 1 1 1 1 1 1 1 1 1 1 1 1 1 1 1 1 1 1 1 1 1 1 1 1 1 1 1 1 1 1 1 1 1 1 1 1 1 1 1 1 1 1 1 1 1 1 1 1 1 1 1 1 1 1 1 1 1 1 1 1 1 1 1 1 1 1 1 1 1 1 1 1 1 1 1 1 1 1 1 1 1 1 1 1 1 1 1 1 1 1 1 1 1 1 1 1 1 1 1 1 1 1 1 1 1 1 1 1 1 1 1 1 1 1 1 3 3 3 3 8 100 100 100 100 100 100 100 100 100 100 100 100 100 100 100 100 100 100 100 100 100 100 100 100 100 100 100 100 100 100 100 100 100 100 100 100 100 100 100 100 100 100 100 100 100 100 100 100 1 1 1 1 1 1 1 1 1 1 1 1 1 1 1 1 1 1 1 1 1 1 1 1 1 1 1 1 1 1 1 1 1 1 1 1 1 1 1 1 1 1 1 1 1 1 1 1 1 1 1 1 1 1 1 1 1 1 1 1 1 1 1 1 1 1 1 1 1 1 1 1 1 1 1 1 1 1 1 1 1 1 1 1 1 1 1 1 1 1 1 1 1 1 1 1 1 1 1 1 1 1 1 1 1 1 1 1 1 1 1 1 1 1 1 12 12 12 12 12 12 12 12 12 12 12 12 12 12 12 12 12 12 12 12 12 12 12 12 12 12 12 12 12 12 12 12 12 12 12 12 12 12 12 12 12 12 12 12 12 12 12 12 12 12 12 12 12 12 12 12 12 12 12 12 12 12 12 12 12 12 12 12 12 12 12 12 12 12 12 12 12 12 12 12 12 12 12 12 12 12 12 12 12 12 12 12 12 12 12 12 12 12 12 12 12 12 12 12 12 12 12 12 12 12 12 12 12 12 12 12 12 12 12 12 12 12 12 12 12 12 12 12 12 12 12 12 12 12 12 12 12 12 12 12 12 12 12 12 12 12 12 12 12 12 12 12 12 12 12 12 12 12 12 12 12 12 12 12 12 12 12 12 12 12 12 12 12 12 12 12 12 12 12 12 12 12 12 12 12 12 12 12 12 12 12 9 9 9 9 9 9 9 9 9 9 9 9 9 9 9 9 9 9 9 9 9 9 9 9 9 9 9 9 9 9 9 9 9 9 9 9 9 9 9 9 10 10 10 10 10 10 10 10 10 10 10 10 10 10 10 10 10 10 10 10 10 10 10 10 10 10 10 10 10 10 10 10 10 10 10 10 10 10 10 10 10 10 10 10 10 10 10 10 10 10 10 10 10 10 10 10 10 10 10 10 10 10 10 10 10 10 10 10 10 10 10 10 10 10 10 10 10 10 10 10 10 10 10 10 10 10 10 10 10 10 10 10 10 10 10 10 10 10 10 10 10 10 10 10 10 10 10 10 10 10 10 10 10 10 10 10 10 10 10 10 10 10 10 10 10 10 10 10 10 10 10 10 10 10 10 10 10 10 10 10 10 10 10 10 10 10 10 10 10 10 10 10 10 10 10 10 10 10 10 10 11 11 11 11 11 1 1 1 1 1 1
ciInstanceKlass java/lang/invoke/MethodType 0 0 591 8 8 8 8 8 8 8 8 8 8 8 8 100 100 100 100 1 1 1 1 1 1 1 1 1 1 1 1 1 1 1 1 1 1 1 1 1 1 1 1 1 1 1 1 1 1 1 1 1 1 1 1 1 1 1 1 1 1 1 1 1 1 1 1 1 1 1 1 1 1 1 1 1 1 1 1 1 1 1 1 1 1 1 1 1 1 1 1 1 1 1 1 1 1 1 1 1 1 1 1 1 1 1 1 1 1 1 1 1 1 1 1 1 1 1 1 1 1 1 1 1 1 1 1 1 1 1 1 1 1 1 1 1 1 1 1 1 1 1 1 1 1 1 1 1 1 1 1 1 1 1 1 1 1 1 1 1 1 1 1 1 1 1 1 1 1 1 1 1 1 1 1 1 1 1 1 1 1 1 1 1 1 1 1 1 1 1 1 1 1 1 1 1 1 1 1 1 1 1 1 1 1 1 1 1 1 1 1 1 1 1 1 1 3 3 3 5 0 100 100 100 100 100 100 100 100 100 100 100 100 100 100 100 100 100 100 100 100 100 100 100 100 100 100 100 100 100 100 100 100 100 1 1 1 1 1 1 1 1 1 1 1 1 1 1 1 1 1 1 1 1 1 1 1 1 1 1 1 1 1 1 1 1 1 1 1 1 1 1 1 1 1 1 1 1 1 1 1 1 1 1 1 1 1 1 1 1 1 1 1 1 1 1 1 1 1 1 1 1 1 1 1 1 1 1 1 1 1 1 1 1 1 1 1 1 1 1 1 1 1 1 1 1 1 1 1 1 1 1 1 1 1 1 1 1 1 12 12 12 12 12 12 12 12 12 12 12 12 12 12 12 12 12 12 12 12 12 12 12 12 12 12 12 12 12 12 12 12 12 12 12 12 12 12 12 12 12 12 12 12 12 12 12 12 12 12 12 12 12 12 12 12 12 12 12 12 12 12 12 12 12 12 12 12 12 12 12 12 12 12 12 12 12 12 12 12 12 12 12 12 12 12 12 12 12 12 12 12 12 12 12 12 12 12 12 12 12 12 12 12 12 12 12 12 12 12 12 12 9 9 9 9 9 9 9 9 9 9 9 9 9 9 9 9 9 9 10 10 10 10 10 10 10 10 10 10 10 10 10 10 10 10 10 10 10 10 10 10 10 10 10 10 10 10 10 10 10 10 10 10 10 10 10 10 10 10 10 10 10 10 10 10 10 10 10 10 10 10 10 10 10 10 10 10 10 10 10 10 10 10 10 10 10 10 10 10 10 10 10 10 10 10 10 10 10 10 10 10 10 10 10 10 10 10 10 10 10 10 10 10 10 10 10 10 11 11 11 11 1 1
ciInstanceKlass java/lang/BootstrapMethodError 0 0 38 1 1 1 1 1 1 1 1 1 1 1 1 1 1 1 1 1 1 5 0 100 100 100 100 1 1 12 12 12 12 12 10 10 10 10 10 1
instanceKlass java/lang/invoke/VolatileCallSite
instanceKlass java/lang/invoke/MutableCallSite
instanceKlass java/lang/invoke/ConstantCallSite
ciInstanceKlass java/lang/invoke/CallSite 0 0 311 8 8 8 8 8 8 8 8 100 100 100 100 1 1 1 1 1 1 1 1 1 1 1 1 1 1 1 1 1 1 1 1 1 1 1 1 1 1 1 1 1 1 1 1 1 1 1 1 1 1 1 1 1 1 1 1 1 1 1 1 1 1 1 1 1 1 1 1 1 1 1 1 1 1 1 1 1 1 1 1 1 1 1 1 1 1 1 1 1 1 1 1 1 1 1 1 1 1 1 1 1 1 1 1 1 1 1 1 1 1 1 1 1 1 1 1 1 1 100 100 100 100 100 100 100 100 100 100 100 100 100 100 100 100 100 100 100 100 100 100 1 1 1 1 1 1 1 1 1 1 1 1 1 1 1 1 1 1 1 1 1 1 1 1 1 1 1 1 1 1 1 1 1 1 1 1 1 1 1 1 1 1 1 12 12 12 12 12 12 12 12 12 12 12 12 12 12 12 12 12 12 12 12 12 12 12 12 12 12 12 12 12 12 12 12 12 12 12 12 12 12 12 12 12 12 12 12 12 12 12 12 12 12 12 12 12 12 12 12 12 12 12 12 9 9 9 9 9 9 10 10 10 10 10 10 10 10 10 10 10 10 10 10 10 10 10 10 10 10 10 10 10 10 10 10 10 10 10 10 10 10 10 10 10 10 10 10 10 10 10 10 10 10 10 10 10 10 10 10 10 10 10 10 10 10 10 10 10 1 1
ciInstanceKlass java/lang/invoke/ConstantCallSite 0 0 42 1 1 1 1 1 1 1 1 1 1 1 1 1 1 1 1 1 1 1 1 100 100 100 100 100 1 1 12 12 12 12 12 12 9 9 10 10 10 10 10 1
ciInstanceKlass java/lang/invoke/MutableCallSite 0 0 57 1 1 1 1 1 1 1 1 1 1 1 1 1 1 1 1 1 1 1 1 1 1 1 1 1 100 100 100 100 1 1 1 1 1 1 12 12 12 12 12 12 12 12 12 12 9 9 10 10 10 10 10 10 10 10 1
ciInstanceKlass java/lang/invoke/VolatileCallSite 0 0 33 1 1 1 1 1 1 1 1 1 1 1 1 1 1 100 100 1 1 1 12 12 12 12 12 12 10 10 10 10 10 10 1
instanceKlass java/lang/StringBuilder
instanceKlass java/lang/StringBuffer
ciInstanceKlass java/lang/AbstractStringBuilder 1 1 312 3 3 8 8 8 8 8 8 8 8 8 8 8 8 8 1 1 1 1 1 1 1 1 1 1 1 1 1 1 1 1 1 1 1 1 1 1 1 1 1 1 1 1 1 1 1 1 1 1 1 1 1 1 1 1 1 1 1 1 1 1 1 1 1 1 1 1 1 1 1 1 1 1 1 1 1 1 1 1 1 1 1 1 1 1 1 1 1 1 1 1 1 1 1 1 1 1 1 1 1 1 1 1 1 1 1 1 1 1 1 1 1 1 1 1 1 1 1 1 1 1 1 1 1 1 1 1 1 5 0 100 7 100 100 100 100 100 7 7 7 100 7 100 100 100 7 7 100 1 1 1 1 1 1 1 1 1 1 1 1 1 1 1 1 1 1 1 1 1 1 1 1 1 1 1 1 1 1 1 1 1 1 1 1 1 1 1 1 1 1 1 12 12 12 12 12 12 12 12 12 12 12 12 12 12 12 12 12 12 12 12 12 12 12 12 12 12 12 12 12 12 12 12 12 12 12 12 12 12 12 12 12 12 12 12 12 12 12 12 12 12 12 12 12 12 9 9 10 10 10 10 10 10 10 10 10 10 10 10 10 10 10 10 10 10 10 10 10 10 10 10 10 10 10 10 10 10 10 10 10 10 10 10 10 10 10 10 10 10 10 10 10 10 10 10 10 10 10 10 10 10 10 10 10 10 10 10 10 11 11 1
ciInstanceKlass java/lang/StringBuffer 1 1 372 8 8 8 7 1 1 1 1 1 1 1 1 1 1 1 1 1 1 1 1 1 1 1 1 1 1 1 1 1 1 1 1 1 1 1 1 1 1 1 1 1 1 1 1 1 1 1 1 1 1 1 1 1 1 1 1 1 1 1 1 1 1 1 1 1 1 1 1 1 1 1 1 1 1 1 1 1 1 1 1 1 1 1 1 1 1 1 1 1 1 1 1 1 1 5 0 100 100 100 100 100 7 100 7 7 100 100 7 7 7 100 7 1 1 1 1 1 1 1 1 1 1 1 1 1 1 1 1 1 1 1 1 1 1 1 1 1 1 1 1 1 1 1 1 1 1 1 1 1 1 1 1 1 1 1 1 1 1 1 1 1 1 1 1 1 1 1 1 1 1 1 1 1 1 1 1 1 1 1 1 12 12 12 12 12 12 12 12 12 12 12 12 12 12 12 12 12 12 12 12 12 12 12 12 12 12 12 12 12 12 12 12 12 12 12 12 12 12 12 12 12 12 12 12 12 12 12 12 12 12 12 12 12 12 12 12 12 12 12 12 12 12 12 12 12 12 12 12 12 12 12 12 12 12 12 12 12 12 12 12 12 12 12 12 12 12 12 12 12 12 12 9 9 9 9 9 9 10 10 10 10 10 10 10 10 10 10 10 10 10 10 10 10 10 10 10 10 10 10 10 10 10 10 10 10 10 10 10 10 10 10 10 10 10 10 10 10 10 10 10 10 10 10 10 10 10 10 10 10 10 10 10 10 10 10 10 10 10 10 10 10 10 10 10 10 10 10 10 10 10 10 10 10 10 10 10 10 10 10 10 10 10 10 10 10 10 10 11 1 1 1
staticfield java/lang/StringBuffer serialPersistentFields [Ljava/io/ObjectStreamField; 3 [Ljava/io/ObjectStreamField;
ciInstanceKlass java/lang/StringBuilder 1 1 326 1 1 1 1 1 1 1 1 1 1 1 1 1 1 1 1 1 1 1 1 1 1 1 1 1 1 1 1 1 1 1 1 1 1 1 1 1 1 1 1 1 1 1 1 1 1 1 1 1 1 1 1 1 1 1 1 1 1 1 1 1 1 1 1 1 1 1 1 1 5 0 100 100 100 100 100 7 100 100 7 7 1 1 1 1 1 1 1 1 1 1 1 1 1 1 1 1 1 1 1 1 1 1 1 1 1 1 1 1 1 1 1 1 1 1 1 1 1 1 1 1 1 1 1 1 1 1 1 1 1 1 1 1 1 1 1 1 1 1 1 1 1 1 12 12 12 12 12 12 12 12 12 12 12 12 12 12 12 12 12 12 12 12 12 12 12 12 12 12 12 12 12 12 12 12 12 12 12 12 12 12 12 12 12 12 12 12 12 12 12 12 12 12 12 12 12 12 12 12 12 12 12 12 12 12 12 12 12 12 12 12 12 12 12 12 12 12 12 12 12 12 12 12 12 12 12 12 12 12 12 12 12 9 9 10 10 10 10 10 10 10 10 10 10 10 10 10 10 10 10 10 10 10 10 10 10 10 10 10 10 10 10 10 10 10 10 10 10 10 10 10 10 10 10 10 10 10 10 10 10 10 10 10 10 10 10 10 10 10 10 10 10 10 10 10 10 10 10 10 10 10 10 10 10 10 10 10 10 10 10 10 10 10 10 10 10 10 10 10 10 10 10 10 11 1
ciInstanceKlass sun/misc/Unsafe 1 1 389 8 8 7 7 7 7 7 7 7 7 7 7 1 1 1 1 1 1 1 1 1 1 1 1 1 1 1 1 1 1 1 1 1 1 1 1 1 1 1 1 1 1 1 1 1 1 1 1 1 1 1 1 1 1 1 1 1 1 1 1 1 1 1 1 1 1 1 1 1 1 1 1 1 1 1 1 1 1 1 1 1 1 1 1 1 1 1 1 1 1 1 1 1 1 1 1 1 1 1 1 1 1 1 1 1 1 1 1 1 1 1 1 1 1 1 1 1 1 1 1 1 1 1 1 1 1 1 1 1 1 1 1 1 1 1 1 1 1 1 1 1 1 1 1 1 1 1 1 1 1 1 1 1 1 1 1 1 1 1 1 1 1 1 1 1 1 1 1 1 1 1 1 1 1 1 1 1 1 1 1 3 100 7 100 100 7 100 7 100 100 7 7 1 1 1 1 1 1 1 1 1 1 1 1 1 1 1 1 1 1 1 1 1 1 1 1 1 1 1 1 1 1 1 1 1 1 1 1 1 1 1 1 1 1 1 1 1 1 1 1 1 1 1 1 1 1 1 1 1 1 1 1 1 1 1 1 1 1 1 1 1 12 12 12 12 12 12 12 12 12 12 12 12 12 12 12 12 12 12 12 12 12 12 12 12 12 12 12 12 12 12 12 12 12 12 12 12 12 12 12 12 12 12 12 12 12 12 12 12 12 12 12 12 12 12 12 12 12 12 12 12 12 12 9 9 9 9 9 9 9 9 9 9 9 9 9 9 9 9 9 9 9 9 10 10 10 10 10 10 10 10 10 10 10 10 10 10 10 10 10 10 10 10 10 10 10 10 10 10 10 10 10 10 10 10 10 10 10 10 10 10 10 10 10 10 10 10 1
staticfield sun/misc/Unsafe theUnsafe Lsun/misc/Unsafe; sun/misc/Unsafe
staticfield sun/misc/Unsafe ARRAY_BOOLEAN_BASE_OFFSET I 16
staticfield sun/misc/Unsafe ARRAY_BYTE_BASE_OFFSET I 16
staticfield sun/misc/Unsafe ARRAY_SHORT_BASE_OFFSET I 16
staticfield sun/misc/Unsafe ARRAY_CHAR_BASE_OFFSET I 16
staticfield sun/misc/Unsafe ARRAY_INT_BASE_OFFSET I 16
staticfield sun/misc/Unsafe ARRAY_LONG_BASE_OFFSET I 16
staticfield sun/misc/Unsafe ARRAY_FLOAT_BASE_OFFSET I 16
staticfield sun/misc/Unsafe ARRAY_DOUBLE_BASE_OFFSET I 16
staticfield sun/misc/Unsafe ARRAY_OBJECT_BASE_OFFSET I 16
staticfield sun/misc/Unsafe ARRAY_BOOLEAN_INDEX_SCALE I 1
staticfield sun/misc/Unsafe ARRAY_BYTE_INDEX_SCALE I 1
staticfield sun/misc/Unsafe ARRAY_SHORT_INDEX_SCALE I 2
staticfield sun/misc/Unsafe ARRAY_CHAR_INDEX_SCALE I 2
staticfield sun/misc/Unsafe ARRAY_INT_INDEX_SCALE I 4
staticfield sun/misc/Unsafe ARRAY_LONG_INDEX_SCALE I 8
staticfield sun/misc/Unsafe ARRAY_FLOAT_INDEX_SCALE I 4
staticfield sun/misc/Unsafe ARRAY_DOUBLE_INDEX_SCALE I 8
staticfield sun/misc/Unsafe ARRAY_OBJECT_INDEX_SCALE I 4
staticfield sun/misc/Unsafe ADDRESS_SIZE I 8
instanceKlass com/android/dx/util/ByteArray$MyInputStream
instanceKlass java/util/zip/ZipFile$ZipFileInputStream
instanceKlass java/io/FilterInputStream
instanceKlass java/io/FileInputStream
instanceKlass java/io/ByteArrayInputStream
ciInstanceKlass java/io/InputStream 1 1 61 8 1 1 1 1 1 1 1 1 1 1 1 1 1 1 1 1 1 1 1 1 1 1 1 1 1 1 1 1 1 1 1 1 1 1 1 3 5 0 100 100 100 100 100 100 100 7 12 12 12 12 12 10 10 10 10 10 10 10 1
ciInstanceKlass java/io/ByteArrayInputStream 1 1 62 1 1 1 1 1 1 1 1 1 1 1 1 1 1 1 1 1 1 1 1 1 1 1 1 1 1 1 1 1 1 1 1 1 1 1 1 7 100 7 100 100 100 7 1 12 12 12 12 12 12 12 9 9 9 9 10 10 10 10 10 1
ciInstanceKlass java/io/File 1 1 578 8 8 8 8 8 8 8 8 8 8 8 8 8 8 8 8 8 8 8 7 1 1 1 1 1 1 1 1 1 1 1 1 1 1 1 1 1 1 1 1 1 1 1 1 1 1 1 1 1 1 1 1 1 1 1 1 1 1 1 1 1 1 1 1 1 1 1 1 1 1 1 1 1 1 1 1 1 1 1 1 1 1 1 1 1 1 1 1 1 1 1 1 1 1 1 1 1 1 1 1 1 1 1 1 1 1 1 1 1 1 1 1 1 1 1 1 1 1 1 1 1 1 1 1 1 1 1 1 1 1 1 1 1 1 1 1 1 1 1 1 1 1 1 1 1 1 1 1 1 1 1 1 1 1 1 1 1 1 1 1 1 1 1 1 1 1 1 1 1 1 1 1 1 1 1 1 1 1 1 1 1 1 1 1 1 1 1 1 1 1 1 1 1 1 1 1 1 1 1 1 1 1 1 1 1 1 1 1 1 1 1 1 1 1 1 1 1 1 1 1 1 1 1 1 1 1 1 1 1 1 1 1 1 1 1 1 1 5 0 100 100 7 100 7 100 100 7 100 100 100 100 100 100 100 7 100 100 100 100 100 7 100 100 100 100 7 7 7 100 100 100 100 100 100 100 100 100 100 7 1 1 1 1 1 1 1 1 1 1 1 1 1 1 1 1 1 1 1 1 1 1 1 1 1 1 1 1 1 1 1 1 1 1 1 1 1 1 1 1 1 1 1 1 1 1 1 1 1 1 1 1 1 1 12 12 12 12 12 12 12 12 12 12 12 12 12 12 12 12 12 12 12 12 12 12 12 12 12 12 12 12 12 12 12 12 12 12 12 12 12 12 12 12 12 12 12 12 12 12 12 12 12 12 12 12 12 12 12 12 12 12 12 12 12 12 12 12 12 12 12 12 12 12 12 12 12 12 12 12 12 12 12 12 12 12 12 12 12 12 12 12 12 12 12 12 12 12 12 12 12 12 12 12 12 12 12 12 12 12 12 12 12 12 12 12 12 12 9 9 9 9 9 9 9 9 9 9 9 9 9 9 9 10 10 10 10 10 10 10 10 10 10 10 10 10 10 10 10 10 10 10 10 10 10 10 10 10 10 10 10 10 10 10 10 10 10 10 10 10 10 10 10 10 10 10 10 10 10 10 10 10 10 10 10 10 10 10 10 10 10 10 10 10 10 10 10 10 10 10 10 10 10 10 10 10 10 10 10 10 10 10 10 10 10 10 10 10 10 10 10 10 10 10 10 10 10 10 10 10 10 10 10 10 10 10 10 10 10 11 11 11 11 11 1 1 1 1
staticfield java/io/File fs Ljava/io/FileSystem; java/io/WinNTFileSystem
staticfield java/io/File separatorChar C 92
staticfield java/io/File separator Ljava/lang/String; "\"
staticfield java/io/File pathSeparatorChar C 59
staticfield java/io/File pathSeparator Ljava/lang/String; ";"
staticfield java/io/File PATH_OFFSET J 16
staticfield java/io/File PREFIX_LENGTH_OFFSET J 12
staticfield java/io/File UNSAFE Lsun/misc/Unsafe; sun/misc/Unsafe
staticfield java/io/File $assertionsDisabled Z 1
instanceKlass sun/misc/Launcher$ExtClassLoader
instanceKlass sun/misc/Launcher$AppClassLoader
ciInstanceKlass java/net/URLClassLoader 1 1 522 8 8 8 8 8 8 8 8 8 8 8 8 1 1 1 1 1 1 1 1 1 1 1 1 1 1 1 1 1 1 1 1 1 1 1 1 1 1 1 1 1 1 1 1 1 1 1 1 1 1 1 1 1 1 1 1 1 1 1 1 1 1 1 1 1 1 1 1 1 1 1 1 1 1 1 1 1 1 1 1 1 1 1 1 1 1 1 1 1 1 1 1 1 1 1 1 1 1 1 1 1 1 1 1 1 1 1 1 1 1 1 1 1 1 1 1 1 1 1 1 1 1 1 1 1 1 1 1 1 1 1 1 1 1 1 1 1 1 1 1 1 1 1 1 1 1 1 1 1 1 1 1 1 1 1 1 1 1 1 1 1 1 1 1 1 1 1 1 1 1 1 1 1 1 1 1 1 1 1 1 1 1 1 1 1 1 1 1 1 1 1 1 1 100 100 7 7 100 100 100 7 7 100 100 100 7 100 100 100 7 100 7 100 100 100 7 7 7 100 100 100 100 100 7 7 100 100 100 7 7 7 7 100 7 100 100 100 7 7 7 100 7 7 7 7 7 100 100 1 1 1 1 1 1 1 1 1 1 1 1 1 1 1 1 1 1 1 1 1 1 1 1 1 1 1 1 1 1 1 1 1 1 1 1 1 1 1 1 1 1 1 1 1 1 1 1 1 1 1 1 1 1 1 1 1 1 1 1 1 1 1 1 1 1 1 1 1 12 12 12 12 12 12 12 12 12 12 12 12 12 12 12 12 12 12 12 12 12 12 12 12 12 12 12 12 12 12 12 12 12 12 12 12 12 12 12 12 12 12 12 12 12 12 12 12 12 12 12 12 12 12 12 12 12 12 12 12 12 12 12 12 12 12 12 12 12 12 12 12 12 12 12 12 12 12 12 12 12 12 12 12 12 12 12 12 12 12 12 12 12 12 12 12 12 12 9 9 9 9 9 9 9 9 9 9 9 9 10 10 10 10 10 10 10 10 10 10 10 10 10 10 10 10 10 10 10 10 10 10 10 10 10 10 10 10 10 10 10 10 10 10 10 10 10 10 10 10 10 10 10 10 10 10 10 10 10 10 10 10 10 10 10 10 10 10 10 10 10 10 10 10 10 10 10 10 10 10 10 10 10 10 10 10 10 10 10 10 10 10 10 10 10 10 11 11 11 11 11 11 11 11
ciInstanceKlass java/net/URL 1 1 550 8 8 8 8 8 8 8 8 8 8 8 8 8 8 8 8 8 8 8 8 8 8 8 8 8 7 1 1 1 1 1 1 1 1 1 1 1 1 1 1 1 1 1 1 1 1 1 1 1 1 1 1 1 1 1 1 1 1 1 1 1 1 1 1 1 1 1 1 1 1 1 1 1 1 1 1 1 1 1 1 1 1 1 1 1 1 1 1 1 1 1 1 1 1 1 1 1 1 1 1 1 1 1 1 1 1 1 1 1 1 1 1 1 1 1 1 1 1 1 1 1 1 1 1 1 1 1 1 1 1 1 1 1 1 1 1 1 1 1 1 1 1 1 1 1 1 1 1 1 1 1 1 1 1 1 1 1 1 1 1 1 1 1 1 1 1 1 1 1 1 1 1 1 1 1 1 1 1 1 1 1 1 1 1 1 1 1 1 1 1 1 1 1 1 1 1 1 1 1 1 1 1 1 1 1 1 1 1 1 1 1 1 1 1 1 1 1 1 1 1 1 1 1 5 0 100 100 100 100 100 100 7 100 100 7 100 100 100 100 100 7 7 100 7 7 100 100 100 100 7 100 100 100 100 7 100 7 100 100 7 7 7 100 7 100 1 1 1 1 1 1 1 1 1 1 1 1 1 1 1 1 1 1 1 1 1 1 1 1 1 1 1 1 1 1 1 1 1 1 1 1 1 1 1 1 1 1 1 1 1 1 1 1 1 1 1 1 1 12 12 12 12 12 12 12 12 12 12 12 12 12 12 12 12 12 12 12 12 12 12 12 12 12 12 12 12 12 12 12 12 12 12 12 12 12 12 12 12 12 12 12 12 12 12 12 12 12 12 12 12 12 12 12 12 12 12 12 12 12 12 12 12 12 12 12 12 12 12 12 12 12 12 12 12 12 12 12 12 12 12 12 12 12 12 12 12 12 12 12 12 12 12 12 12 12 12 12 12 12 12 12 12 12 12 12 12 9 9 9 9 9 9 9 9 9 9 9 9 9 9 9 9 9 9 9 9 9 10 10 10 10 10 10 10 10 10 10 10 10 10 10 10 10 10 10 10 10 10 10 10 10 10 10 10 10 10 10 10 10 10 10 10 10 10 10 10 10 10 10 10 10 10 10 10 10 10 10 10 10 10 10 10 10 10 10 10 10 10 10 10 10 10 10 10 10 10 10 10 10 10 10 10 10 10 10 10 10 10 10 10 10 10 10 10 10 10 10 10 10 10 10 10 10 10 10 10 10 11 1
staticfield java/net/URL serialPersistentFields [Ljava/io/ObjectStreamField; 7 [Ljava/io/ObjectStreamField;
ciInstanceKlass java/util/jar/Manifest 1 1 230 8 8 8 8 8 8 1 1 1 1 1 1 1 1 1 1 1 1 1 1 1 1 1 1 1 1 1 1 1 1 1 1 1 1 1 1 1 1 1 1 1 1 1 1 1 1 1 1 1 1 1 1 1 1 1 1 1 1 1 1 1 1 1 1 1 1 1 1 1 1 1 1 1 1 1 1 1 1 1 1 1 1 1 1 1 1 1 1 1 1 1 100 100 100 100 100 100 100 7 100 100 100 7 100 7 100 100 7 7 7 1 1 1 1 1 1 1 1 1 1 1 1 1 1 1 1 1 1 1 1 1 1 12 12 12 12 12 12 12 12 12 12 12 12 12 12 12 12 12 12 12 12 12 12 12 12 12 12 12 12 12 12 12 12 12 12 12 12 12 12 12 12 12 12 12 12 9 9 10 10 10 10 10 10 10 10 10 10 10 10 10 10 10 10 10 10 10 10 10 10 10 10 10 10 10 10 10 10 10 10 10 10 10 10 10 11 11 11 11 11 11 11 11 11 11 11 11 1 1
ciInstanceKlass sun/misc/Launcher 1 1 218 8 8 8 8 8 8 8 8 1 1 1 1 1 1 1 1 1 1 1 1 1 1 1 1 1 1 1 1 1 1 1 1 1 1 1 1 1 1 1 1 1 1 1 1 1 1 1 1 1 1 1 1 1 1 1 1 1 1 1 1 1 1 1 1 1 1 1 1 1 1 1 1 1 1 1 1 1 1 1 1 1 1 1 1 1 1 1 1 1 1 1 1 1 1 1 1 100 100 7 100 100 100 100 100 100 100 100 7 100 7 100 7 7 100 7 7 100 7 100 7 7 7 1 1 1 1 1 1 1 1 1 1 1 1 1 1 1 1 1 1 1 1 1 1 1 12 12 12 12 12 12 12 12 12 12 12 12 12 12 12 12 12 12 12 12 12 12 12 12 12 12 12 12 12 12 12 12 9 9 9 9 9 9 10 10 10 10 10 10 10 10 10 10 10 10 10 10 10 10 10 10 10 10 10 10 10 10 10 10 10 10 10 10 1 1 1 1
ciInstanceKlass sun/misc/Launcher$AppClassLoader 1 1 201 8 8 7 1 1 1 1 1 1 1 1 1 1 1 1 1 1 1 1 1 1 1 1 1 1 1 1 1 1 1 1 1 1 1 1 1 1 1 1 1 1 1 1 1 1 1 1 1 1 1 1 1 1 1 1 1 1 1 1 1 1 1 1 1 1 1 1 1 1 1 1 1 1 1 1 1 1 1 1 1 100 100 100 100 100 7 7 100 100 100 7 7 100 100 7 100 7 100 100 100 7 7 7 100 7 7 1 1 1 1 1 1 1 1 1 1 1 1 1 1 1 1 1 1 1 1 1 1 1 1 1 12 12 12 12 12 12 12 12 12 12 12 12 12 12 12 12 12 12 12 12 12 12 12 12 12 12 12 12 12 12 12 12 12 9 9 10 10 10 10 10 10 10 10 10 10 10 10 10 10 10 10 10 10 10 10 10 10 10 10 10 10 10 10 10 10 10 10 11 1
staticfield sun/misc/Launcher$AppClassLoader $assertionsDisabled Z 1
ciInstanceKlass sun/misc/Launcher$ExtClassLoader 1 1 209 8 8 8 1 1 1 1 1 1 1 1 1 1 1 1 1 1 1 1 1 1 1 1 1 1 1 1 1 1 1 1 1 1 1 1 1 1 1 1 1 1 1 1 1 1 1 1 1 1 1 1 1 1 1 1 1 1 1 1 1 1 1 1 1 1 1 1 1 1 1 1 1 1 1 1 1 1 1 1 1 1 1 100 100 100 100 7 100 7 7 7 7 7 100 7 100 100 100 7 7 7 7 7 7 100 7 7 100 1 1 1 1 1 1 1 1 1 1 1 1 1 1 1 1 1 1 1 1 1 1 1 12 12 12 12 12 12 12 12 12 12 12 12 12 12 12 12 12 12 12 12 12 12 12 12 12 12 12 12 12 12 12 12 12 12 12 12 12 9 10 10 10 10 10 10 10 10 10 10 10 10 10 10 10 10 10 10 10 10 10 10 10 10 10 10 10 10 10 10 10 10 10 10 10 10 10 11 1
ciInstanceKlass java/security/CodeSource 1 1 322 8 8 8 8 8 8 8 8 8 8 8 8 8 8 1 1 1 1 1 1 1 1 1 1 1 1 1 1 1 1 1 1 1 1 1 1 1 1 1 1 1 1 1 1 1 1 1 1 1 1 1 1 1 1 1 1 1 1 1 1 1 1 1 1 1 1 1 1 1 1 1 1 1 1 1 1 1 1 1 1 1 1 1 1 1 1 1 1 1 1 1 1 1 1 1 1 1 1 1 1 1 1 1 1 1 1 1 1 1 1 1 1 1 1 1 1 1 1 1 1 1 1 1 1 1 1 1 1 1 1 1 1 1 1 1 1 5 0 100 100 100 100 100 100 100 100 100 7 100 100 100 100 7 100 7 100 100 100 100 100 100 100 100 100 1 1 1 1 1 1 1 1 1 1 1 1 1 1 1 1 1 1 1 1 1 1 1 1 12 12 12 12 12 12 12 12 12 12 12 12 12 12 12 12 12 12 12 12 12 12 12 12 12 12 12 12 12 12 12 12 12 12 12 12 12 12 12 12 12 12 12 12 12 12 12 12 12 12 12 12 12 12 12 12 12 12 12 12 12 9 9 9 9 9 10 10 10 10 10 10 10 10 10 10 10 10 10 10 10 10 10 10 10 10 10 10 10 10 10 10 10 10 10 10 10 10 10 10 10 10 10 10 10 10 10 10 10 10 10 10 10 10 10 10 10 10 10 10 10 10 10 10 10 10 10 10 11 11 11 11 1
ciInstanceKlass java/lang/StackTraceElement 0 0 98 8 8 8 8 8 8 8 8 1 1 1 1 1 1 1 1 1 1 1 1 1 1 1 1 1 1 1 1 1 1 1 1 1 1 1 1 1 1 1 1 1 1 1 1 1 1 1 1 1 1 1 5 0 100 100 100 100 100 100 1 1 1 1 1 1 12 12 12 12 12 12 12 12 12 12 12 12 12 12 12 9 9 9 9 10 10 10 10 10 10 10 10 10 10 10 10 1
instanceKlass java/nio/CharBuffer
instanceKlass java/nio/LongBuffer
instanceKlass java/nio/ByteBuffer
ciInstanceKlass java/nio/Buffer 1 1 103 8 8 8 8 1 1 1 1 1 1 1 1 1 1 1 1 1 1 1 1 1 1 1 1 1 1 1 1 1 1 1 1 1 1 1 1 1 1 1 1 1 1 1 1 1 1 1 1 1 1 1 1 1 1 1 1 1 1 1 1 3 100 100 7 100 7 100 100 100 1 1 1 1 12 12 12 12 12 12 12 12 12 12 12 9 9 9 9 10 10 10 10 10 10 10 10 10 10 10 10 10 1
ciInstanceKlass java/lang/Boolean 1 1 110 8 8 8 1 1 1 1 1 1 1 1 1 1 1 1 1 1 1 1 1 1 1 1 1 1 1 1 1 1 1 1 1 1 1 1 1 1 1 1 1 1 1 1 1 1 1 1 1 1 1 1 1 1 1 1 1 1 1 1 1 5 0 100 7 7 100 100 100 7 100 7 7 1 1 1 1 1 1 1 1 12 12 12 12 12 12 12 12 12 12 12 12 12 12 9 9 9 9 10 10 10 10 10 10 10 10 10 10 1
staticfield java/lang/Boolean TRUE Ljava/lang/Boolean; java/lang/Boolean
staticfield java/lang/Boolean FALSE Ljava/lang/Boolean; java/lang/Boolean
staticfield java/lang/Boolean TYPE Ljava/lang/Class; java/lang/Class
ciInstanceKlass java/lang/Character 1 1 459 3 3 3 3 3 3 3 3 8 8 7 1 1 1 1 1 1 1 1 1 1 1 1 1 1 1 1 1 1 1 1 1 1 1 1 1 1 1 1 1 1 1 1 1 1 1 1 1 1 1 1 1 1 1 1 1 1 1 1 1 1 1 1 1 1 1 1 1 1 1 1 1 1 1 1 1 1 1 1 1 1 1 1 1 1 1 1 1 1 1 1 1 1 1 1 1 1 1 1 1 1 1 1 1 1 1 1 1 1 1 1 1 1 1 1 1 1 1 1 1 1 1 1 1 1 1 1 1 1 1 1 1 1 1 1 1 1 1 1 1 1 1 1 1 1 1 1 1 1 1 1 1 1 1 1 1 1 1 1 1 1 1 1 1 1 1 1 1 1 1 1 1 1 1 1 1 1 1 1 1 1 1 1 1 1 1 1 1 1 1 1 1 1 1 1 1 1 1 1 1 1 1 1 1 1 1 1 1 1 1 1 1 1 1 1 1 1 1 1 1 1 1 1 1 3 3 3 3 3 3 3 3 3 3 3 3 3 3 3 3 3 3 3 3 3 3 3 3 3 3 3 3 3 3 3 3 3 3 3 3 3 5 0 5 0 100 100 100 100 100 100 100 7 100 7 100 100 100 100 100 100 100 100 1 1 1 1 1 1 1 1 1 1 1 1 1 1 1 12 12 12 12 12 12 12 12 12 12 12 12 12 12 12 12 12 12 12 12 12 12 12 12 12 12 12 12 12 12 12 12 12 12 12 12 12 12 12 12 12 12 12 12 12 12 12 12 12 12 12 12 12 12 12 12 12 12 12 12 12 12 12 12 12 12 12 12 9 9 9 9 9 10 10 10 10 10 10 10 10 10 10 10 10 10 10 10 10 10 10 10 10 10 10 10 10 10 10 10 10 10 10 10 10 10 10 10 10 10 10 10 10 10 10 10 10 10 10 10 10 10 10 10 10 10 10 10 10 10 10 10 10 10 10 10 10 10 10 10 10 10 10 10 10 10 10 10 10 10 10 10 10 11 11 1 1 1 1 1
staticfield java/lang/Character TYPE Ljava/lang/Class; java/lang/Class
staticfield java/lang/Character $assertionsDisabled Z 1
instanceKlass java/util/concurrent/atomic/AtomicInteger
instanceKlass java/lang/Long
instanceKlass java/lang/Integer
instanceKlass java/lang/Short
instanceKlass java/lang/Byte
instanceKlass java/lang/Double
instanceKlass java/lang/Float
ciInstanceKlass java/lang/Number 1 1 34 1 1 1 1 1 1 1 1 1 1 1 1 1 1 1 1 1 1 1 1 1 1 1 5 0 100 100 7 12 12 10 10 1
ciInstanceKlass java/lang/Float 1 1 169 3 3 3 4 4 4 4 8 8 8 1 1 1 1 1 1 1 1 1 1 1 1 1 1 1 1 1 1 1 1 1 1 1 1 1 1 1 1 1 1 1 1 1 1 1 1 1 1 1 1 1 1 1 1 1 1 1 1 1 1 1 1 1 1 1 1 1 1 1 1 1 1 1 1 1 1 1 1 1 1 1 1 1 1 1 1 1 1 1 1 1 1 1 1 1 1 1 1 3 3 3 3 4 4 5 0 7 100 100 7 100 100 100 100 100 1 1 1 1 1 1 1 1 1 12 12 12 12 12 12 12 12 12 12 12 12 12 12 12 12 12 12 12 12 12 9 9 10 10 10 10 10 10 10 10 10 10 10 10 10 10 10 10 10 10 10 10 1
staticfield java/lang/Float TYPE Ljava/lang/Class; java/lang/Class
ciInstanceKlass java/lang/Double 1 1 223 8 8 8 8 8 8 8 8 8 8 1 1 1 1 1 1 1 1 1 1 1 1 1 1 1 1 1 1 1 1 1 1 1 1 1 1 1 1 1 1 1 1 1 1 1 1 1 1 1 1 1 1 1 1 1 1 1 1 1 1 1 1 1 1 1 1 1 1 1 1 1 1 1 1 1 1 1 1 1 1 1 1 1 1 1 1 1 1 1 1 1 1 1 1 1 1 1 1 1 1 1 1 1 1 1 1 1 1 1 1 1 3 3 3 3 5 0 5 0 5 0 5 0 5 0 6 0 6 0 6 0 6 0 6 0 6 0 6 0 7 100 7 100 100 100 100 100 100 100 1 1 1 1 1 1 1 1 1 1 1 12 12 12 12 12 12 12 12 12 12 12 12 12 12 12 12 12 12 12 12 12 12 12 12 12 12 12 12 12 12 9 9 10 10 10 10 10 10 10 10 10 10 10 10 10 10 10 10 10 10 10 10 10 10 10 10 10 10 10 10 10 1
staticfield java/lang/Double TYPE Ljava/lang/Class; java/lang/Class
ciInstanceKlass java/lang/Byte 1 1 153 8 8 8 8 8 1 1 1 1 1 1 1 1 1 1 1 1 1 1 1 1 1 1 1 1 1 1 1 1 1 1 1 1 1 1 1 1 1 1 1 1 1 1 1 1 1 1 1 1 1 1 1 1 1 1 1 1 1 1 1 1 1 1 1 1 1 1 1 1 1 1 1 1 1 1 1 1 3 3 3 3 5 0 5 0 7 100 7 100 100 100 100 100 1 1 1 1 1 1 1 1 1 1 1 1 1 1 12 12 12 12 12 12 12 12 12 12 12 12 12 12 12 12 12 12 12 12 12 9 9 9 10 10 10 10 10 10 10 10 10 10 10 10 10 10 10 10 10 10 10 1 1
staticfield java/lang/Byte TYPE Ljava/lang/Class; java/lang/Class
ciInstanceKlass java/lang/Short 1 1 159 3 3 8 8 8 8 8 1 1 1 1 1 1 1 1 1 1 1 1 1 1 1 1 1 1 1 1 1 1 1 1 1 1 1 1 1 1 1 1 1 1 1 1 1 1 1 1 1 1 1 1 1 1 1 1 1 1 1 1 1 1 1 1 1 1 1 1 1 1 1 1 1 1 1 1 1 1 1 1 1 1 3 3 3 3 5 0 5 0 7 100 100 100 100 7 100 100 1 1 1 1 1 1 1 1 1 1 1 1 1 1 12 12 12 12 12 12 12 12 12 12 12 12 12 12 12 12 12 12 12 12 12 12 9 9 9 10 10 10 10 10 10 10 10 10 10 10 10 10 10 10 10 10 10 10 10 1 1
staticfield java/lang/Short TYPE Ljava/lang/Class; java/lang/Class
ciInstanceKlass java/lang/Integer 1 1 309 3 3 3 3 3 3 3 3 3 3 3 3 3 3 3 8 8 8 8 8 8 8 8 8 8 8 8 8 8 8 8 1 1 1 1 1 1 1 1 1 1 1 1 1 1 1 1 1 1 1 1 1 1 1 1 1 1 1 1 1 1 1 1 1 1 1 1 1 1 1 1 1 1 1 1 1 1 1 1 1 1 1 1 1 1 1 1 1 1 1 1 1 1 1 1 1 1 1 1 1 1 1 1 1 1 1 1 1 1 1 1 1 1 1 1 1 1 1 1 1 1 1 1 1 1 1 1 1 1 1 1 1 1 1 1 1 1 1 1 1 1 1 1 1 1 1 1 1 1 1 1 1 1 1 1 1 1 1 1 1 1 1 1 1 1 1 1 1 1 3 3 5 0 5 0 5 0 100 100 7 100 100 7 7 100 100 100 7 100 100 100 100 100 7 1 1 1 1 1 1 1 1 1 1 1 1 1 1 1 1 1 12 12 12 12 12 12 12 12 12 12 12 12 12 12 12 12 12 12 12 12 12 12 12 12 12 12 12 12 12 12 12 12 12 12 12 12 12 12 12 12 12 12 12 12 12 12 12 9 9 9 9 9 9 9 9 10 10 10 10 10 10 10 10 10 10 10 10 10 10 10 10 10 10 10 10 10 10 10 10 10 10 10 10 10 10 10 10 10 10 10 10 10 10 10 10 1 1
staticfield java/lang/Integer TYPE Ljava/lang/Class; java/lang/Class
staticfield java/lang/Integer digits [C 36
staticfield java/lang/Integer DigitTens [C 100
staticfield java/lang/Integer DigitOnes [C 100
staticfield java/lang/Integer sizeTable [I 10
ciInstanceKlass java/lang/Long 1 1 356 3 3 8 8 8 8 8 8 8 8 8 8 8 8 8 8 8 8 8 1 1 1 1 1 1 1 1 1 1 1 1 1 1 1 1 1 1 1 1 1 1 1 1 1 1 1 1 1 1 1 1 1 1 1 1 1 1 1 1 1 1 1 1 1 1 1 1 1 1 1 1 1 1 1 1 1 1 1 1 1 1 1 1 1 1 1 1 1 1 1 1 1 1 1 1 1 1 1 1 1 1 1 1 1 1 1 1 1 1 1 1 1 1 1 1 1 1 1 1 1 1 1 1 1 1 1 1 1 1 1 1 1 1 1 1 1 1 1 1 1 1 1 1 1 1 1 1 1 1 1 1 1 1 1 1 1 1 1 1 1 1 1 1 3 3 5 0 5 0 5 0 5 0 5 0 5 0 5 0 5 0 5 0 5 0 5 0 5 0 5 0 5 0 5 0 100 100 7 100 100 7 7 100 7 100 100 100 100 100 7 100 100 100 1 1 1 1 1 1 1 1 1 1 1 1 1 1 1 1 1 1 1 1 1 1 12 12 12 12 12 12 12 12 12 12 12 12 12 12 12 12 12 12 12 12 12 12 12 12 12 12 12 12 12 12 12 12 12 12 12 12 12 12 12 12 12 12 12 12 12 12 12 12 12 12 12 12 12 12 12 12 12 12 9 9 9 9 9 9 10 10 10 10 10 10 10 10 10 10 10 10 10 10 10 10 10 10 10 10 10 10 10 10 10 10 10 10 10 10 10 10 10 10 10 10 10 10 10 10 10 10 10 10 10 10 10 10 10 10 10 10 10 10 1 1
staticfield java/lang/Long TYPE Ljava/lang/Class; java/lang/Class
ciInstanceKlass java/lang/NullPointerException 1 1 21 1 1 1 1 1 1 1 1 1 1 1 5 0 100 100 12 12 10 10 1
ciInstanceKlass java/lang/ArithmeticException 1 1 21 1 1 1 1 1 1 1 1 1 1 1 5 0 100 100 12 12 10 10 1
ciInstanceKlass java/util/Comparator 1 1 262 8 8 8 8 8 8 8 8 8 8 8 8 8 8 8 8 1 1 1 1 1 1 1 1 1 1 1 1 1 1 1 1 1 1 1 1 1 1 1 1 1 1 1 1 1 1 1 1 1 1 1 1 1 1 1 1 1 1 1 1 1 1 1 1 1 1 1 1 1 1 1 1 1 1 1 1 1 1 1 1 1 1 1 1 1 1 1 1 1 1 1 1 1 1 1 1 1 1 1 1 1 1 1 1 1 3 3 100 100 100 100 100 100 100 100 100 100 100 100 100 100 100 100 100 100 100 100 100 100 1 1 1 1 1 1 1 1 1 1 1 1 1 1 1 1 1 1 1 1 1 1 1 1 1 1 1 1 1 1 1 12 12 12 12 12 12 12 12 12 12 12 12 12 12 12 12 12 12 12 12 12 12 12 12 12 12 12 12 12 12 12 12 12 12 12 12 12 12 12 12 12 12 12 12 9 10 10 10 10 10 10 10 10 10 10 10 10 10 10 10 10 10 10 10 10 11 11 11 11 11 11 11 11 11 11 11 11 11 11 11 11 11 11 15 15 15 15 15 15 15 16 18 18 18 18 18 18 1 1 1 1
instanceKlass com/android/dx/command/DxConsole$1
instanceKlass java/io/ByteArrayOutputStream
instanceKlass java/io/FilterOutputStream
instanceKlass java/io/FileOutputStream
ciInstanceKlass java/io/OutputStream 1 1 37 1 1 1 1 1 1 1 1 1 1 1 1 1 1 1 1 1 1 1 1 100 100 100 100 100 100 7 12 12 12 10 10 10 10 10 1
instanceKlass java/io/BufferedOutputStream
instanceKlass java/io/PrintStream
ciInstanceKlass java/io/FilterOutputStream 1 1 47 1 1 1 1 1 1 1 1 1 1 1 1 1 1 1 1 1 1 1 1 1 7 100 7 100 100 1 1 12 12 12 12 12 12 12 9 10 10 10 10 10 10 10 10 10 1
ciInstanceKlass java/io/PrintStream 1 1 282 8 8 8 8 8 8 1 1 1 1 1 1 1 1 1 1 1 1 1 1 1 1 1 1 1 1 1 1 1 1 1 1 1 1 1 1 1 1 1 1 1 1 1 1 1 1 1 1 1 1 1 1 1 1 1 1 1 1 1 1 1 1 1 1 1 1 1 1 1 1 1 1 1 1 1 1 1 1 1 1 1 1 1 1 1 1 1 1 1 1 1 1 1 1 100 7 100 100 100 7 100 100 7 7 7 100 100 100 100 100 100 100 100 100 100 100 100 100 100 1 1 1 1 1 1 1 1 1 1 1 1 1 1 1 1 1 1 1 1 1 1 1 1 1 1 1 1 1 1 1 1 1 1 1 12 12 12 12 12 12 12 12 12 12 12 12 12 12 12 12 12 12 12 12 12 12 12 12 12 12 12 12 12 12 12 12 12 12 12 12 12 12 12 12 12 12 12 12 12 12 12 12 12 12 12 12 12 12 12 12 12 12 9 9 9 9 9 9 9 10 10 10 10 10 10 10 10 10 10 10 10 10 10 10 10 10 10 10 10 10 10 10 10 10 10 10 10 10 10 10 10 10 10 10 10 10 10 10 10 10 10 10 10 10 10 10 10 10 10 10 10 10 10 10 10 10 10 10 11 11 1
instanceKlass java/io/PrintWriter
instanceKlass java/io/BufferedWriter
instanceKlass sun/nio/cs/StreamEncoder
instanceKlass java/io/OutputStreamWriter
ciInstanceKlass java/io/Writer 1 1 93 8 1 1 1 1 1 1 1 1 1 1 1 1 1 1 1 1 1 1 1 1 1 1 1 1 1 1 1 1 1 1 1 1 1 1 1 1 1 1 1 1 3 100 100 100 100 7 100 100 100 7 100 100 1 1 1 1 1 1 1 1 1 12 12 12 12 12 12 12 12 12 12 12 12 12 12 9 9 10 10 10 10 10 10 10 10 10 10 10 11 11 1
ciInstanceKlass java/io/OutputStreamWriter 1 1 87 8 8 8 1 1 1 1 1 1 1 1 1 1 1 1 1 1 1 1 1 1 1 1 1 1 1 1 1 1 1 1 1 1 1 1 1 100 100 7 100 7 100 100 100 100 100 7 1 1 1 1 1 1 1 1 1 1 12 12 12 12 12 12 12 12 12 12 12 12 12 12 9 10 10 10 10 10 10 10 10 10 10 10 10 10 1
ciInstanceKlass java/util/concurrent/atomic/AtomicInteger 1 1 122 8 7 1 1 1 1 1 1 1 1 1 1 1 1 1 1 1 1 1 1 1 1 1 1 1 1 1 1 1 1 1 1 1 1 1 1 1 1 1 1 1 1 1 1 1 1 1 1 1 1 1 1 1 1 1 1 1 1 1 1 1 1 1 1 1 1 5 0 100 7 100 100 100 7 100 100 7 1 1 1 1 1 1 1 1 1 12 12 12 12 12 12 12 12 12 12 12 12 12 12 12 12 12 9 9 9 10 10 10 10 10 10 10 10 10 10 10 10 11 11 1
staticfield java/util/concurrent/atomic/AtomicInteger unsafe Lsun/misc/Unsafe; sun/misc/Unsafe
staticfield java/util/concurrent/atomic/AtomicInteger valueOffset J 12
ciInstanceKlass java/io/BufferedWriter 1 1 119 8 8 8 1 1 1 1 1 1 1 1 1 1 1 1 1 1 1 1 1 1 1 1 1 1 1 1 1 1 1 1 1 1 1 1 1 1 1 1 1 1 1 1 1 1 1 1 1 1 1 1 1 1 1 1 7 100 7 100 100 100 7 100 100 7 7 1 1 1 1 1 12 12 12 12 12 12 12 12 12 12 12 12 12 12 12 12 12 12 12 12 12 12 9 9 9 9 9 9 9 10 10 10 10 10 10 10 10 10 10 10 10 10 10 10 10 10 1
ciInstanceKlass java/lang/IllegalArgumentException 1 1 27 1 1 1 1 1 1 1 1 1 1 1 1 5 0 100 100 1 12 12 12 12 10 10 10 10 1
instanceKlass java/util/concurrent/ConcurrentHashMap$Segment
ciInstanceKlass java/util/concurrent/locks/ReentrantLock 1 1 166 8 8 8 8 1 1 1 1 1 1 1 1 1 1 1 1 1 1 1 1 1 1 1 1 1 1 1 1 1 1 1 1 1 1 1 1 1 1 1 1 1 1 1 1 1 1 1 1 1 1 1 1 1 1 1 1 1 1 1 1 1 1 1 1 1 1 1 1 1 1 1 1 1 5 0 100 100 100 100 7 100 100 100 100 100 100 100 7 7 7 7 1 1 1 1 1 1 1 1 1 1 1 1 1 1 1 1 12 12 12 12 12 12 12 12 12 12 12 12 12 12 12 12 12 12 12 12 12 12 12 12 9 10 10 10 10 10 10 10 10 10 10 10 10 10 10 10 10 10 10 10 10 10 10 10 10 10 10 10 10 1 1 1 1 1
ciInstanceKlass java/util/HashSet 1 1 220 4 4 4 8 8 8 1 1 1 1 1 1 1 1 1 1 1 1 1 1 1 1 1 1 1 1 1 1 1 1 1 1 1 1 1 1 1 1 1 1 1 1 1 1 1 1 1 1 1 1 1 1 1 1 1 1 1 1 1 1 1 1 1 1 1 1 1 1 1 1 1 1 1 1 1 1 1 1 1 1 1 1 1 1 1 1 1 1 1 1 1 1 1 1 1 1 5 0 100 100 100 100 100 100 100 100 100 100 100 7 100 7 100 7 100 7 100 100 100 100 1 1 1 1 1 1 1 1 1 1 1 1 1 1 1 1 1 12 12 12 12 12 12 12 12 12 12 12 12 12 12 12 12 12 12 12 12 12 12 12 12 12 12 12 12 12 12 12 12 12 12 12 12 12 9 9 10 10 10 10 10 10 10 10 10 10 10 10 10 10 10 10 10 10 10 10 10 10 10 10 10 10 10 10 10 10 10 10 10 10 10 10 10 11 11 11 11 1 1
staticfield java/util/HashSet PRESENT Ljava/lang/Object; java/lang/Object
ciInstanceKlass java/util/TreeMap 1 1 531 1 1 1 1 1 1 1 1 1 1 1 1 1 1 1 1 1 1 1 1 1 1 1 1 1 1 1 1 1 1 1 1 1 1 1 1 1 1 1 1 1 1 1 1 1 1 1 1 1 1 1 1 1 1 1 1 1 1 1 1 1 1 1 1 1 1 1 1 1 1 1 1 1 1 1 1 1 1 1 1 1 1 1 1 1 1 1 1 1 1 1 1 1 1 1 1 1 1 1 1 1 1 1 1 1 1 1 1 1 1 1 1 1 1 1 1 1 1 1 1 1 1 1 1 1 1 1 1 1 1 1 1 1 1 1 1 1 1 1 1 1 1 1 1 1 1 1 1 1 1 1 1 1 1 1 1 1 1 1 1 1 1 1 1 1 1 1 1 1 1 1 1 1 1 1 1 1 1 1 1 1 1 1 1 3 3 5 0 100 100 100 100 100 100 100 7 100 100 7 7 100 100 7 100 100 7 100 100 100 100 100 100 7 100 7 100 100 100 100 7 100 7 100 100 100 100 100 100 100 100 100 100 7 100 100 1 1 1 1 1 1 1 1 1 1 1 1 1 1 1 1 1 1 1 1 1 1 1 1 1 1 1 1 1 1 1 1 1 1 1 1 1 1 1 1 1 1 1 1 1 1 1 1 1 1 1 1 1 1 1 1 1 1 1 1 1 1 1 1 1 1 1 1 1 1 1 1 1 1 1 1 1 1 1 1 1 1 1 1 1 1 1 1 1 1 1 1 1 1 12 12 12 12 12 12 12 12 12 12 12 12 12 12 12 12 12 12 12 12 12 12 12 12 12 12 12 12 12 12 12 12 12 12 12 12 12 12 12 12 12 12 12 12 12 12 12 12 12 12 12 12 12 12 12 12 12 12 12 12 12 12 12 12 12 12 12 12 12 12 12 12 12 12 12 12 12 12 12 12 12 12 9 9 9 9 9 9 9 9 9 9 9 9 9 9 9 9 10 10 10 10 10 10 10 10 10 10 10 10 10 10 10 10 10 10 10 10 10 10 10 10 10 10 10 10 10 10 10 10 10 10 10 10 10 10 10 10 10 10 10 10 10 10 10 10 10 10 10 10 10 10 10 10 10 10 10 10 10 10 10 10 10 10 11 11 11 11 11 11 11 11 11 11 11 11 11 11 11 11 11 11 1 1 1 1 1 1 1 1 1 1 1 1 1 1 1 1 1 1 1
staticfield java/util/TreeMap UNBOUNDED Ljava/lang/Object; java/lang/Object
ciInstanceKlass java/util/TreeMap$Entry 1 1 84 8 1 1 1 1 1 1 1 1 1 1 1 1 1 1 1 1 1 1 1 1 1 1 1 1 1 1 1 1 1 1 1 1 1 1 1 1 1 1 1 1 1 1 7 100 100 100 100 7 1 1 1 1 1 1 1 1 12 12 12 12 12 12 12 12 12 12 12 12 9 9 9 9 10 10 10 10 10 10 10 11 11 1
ciInstanceKlass java/lang/InterruptedException 0 0 21 1 1 1 1 1 1 1 1 1 1 1 5 0 100 100 12 12 10 10 1
ciInstanceKlass java/util/concurrent/Callable 1 0 17 1 1 1 1 1 1 1 1 1 1 100 100 100 1 1 1
ciInstanceKlass java/util/concurrent/ExecutionException 0 0 27 1 1 1 1 1 1 1 1 1 1 1 1 5 0 100 100 1 12 12 12 12 10 10 10 10 1
ciInstanceKlass java/util/concurrent/RejectedExecutionHandler 1 0 9 1 1 1 1 100 100 1 1
ciInstanceKlass java/util/concurrent/BlockingQueue 1 0 93 1 1 1 1 1 1 1 1 1 1 1 1 1 1 1 1 1 1 1 1 1 1 100 100 100 100 1 1 1 1 1 1 1 1 1 1 1 1 100 1 8 1 1 12 10 1 1 1 8 1 1 8 1 1 8 1 1 8 1 1 1 8 1 1 1 8 1 1 1 8 1 1 1 8 1 1 1 8 1 1 8 1 1 1 8 1 1 8 1 1 8 1
ciInstanceKlass java/util/concurrent/Executor 1 0 9 1 1 1 1 100 100 1 1
ciInstanceKlass java/io/IOException 0 0 27 1 1 1 1 1 1 1 1 1 1 1 1 5 0 100 100 1 12 12 12 12 10 10 10 10 1
instanceKlass java/util/concurrent/Executors$DelegatedExecutorService
instanceKlass java/util/concurrent/ThreadPoolExecutor
ciInstanceKlass java/util/concurrent/AbstractExecutorService 1 1 184 7 1 1 1 1 1 1 1 1 1 1 1 1 1 1 1 1 1 1 1 1 1 1 1 1 1 1 1 1 1 1 1 1 1 1 1 1 1 1 1 1 1 1 1 1 1 1 1 1 1 1 1 1 1 1 1 1 1 1 1 1 1 1 1 1 100 7 100 100 100 7 100 100 100 100 100 100 100 100 100 100 100 100 100 100 7 100 100 1 1 1 1 1 1 1 1 1 1 1 1 1 1 1 1 1 1 1 1 1 1 1 1 1 1 1 1 1 1 12 12 12 12 12 12 12 12 12 12 12 12 12 12 12 12 12 12 12 12 12 12 12 12 12 12 12 12 12 9 9 10 10 10 10 10 10 10 10 10 10 10 10 10 10 10 10 10 10 10 10 10 10 10 10 10 11 11 11 11 11 11 11 11 1
staticfield java/util/concurrent/AbstractExecutorService $assertionsDisabled Z 1
ciInstanceKlass java/util/concurrent/ThreadPoolExecutor 1 1 538 3 3 3 3 3 8 8 8 8 8 8 8 8 8 8 8 1 1 1 1 1 1 1 1 1 1 1 1 1 1 1 1 1 1 1 1 1 1 1 1 1 1 1 1 1 1 1 1 1 1 1 1 1 1 1 1 1 1 1 1 1 1 1 1 1 1 1 1 1 1 1 1 1 1 1 1 1 1 1 1 1 1 1 1 1 1 1 1 1 1 1 1 1 1 1 1 1 1 1 1 1 1 1 1 1 1 1 1 1 1 1 1 1 1 1 1 1 1 1 1 1 1 1 1 1 1 1 1 1 1 1 1 1 1 1 1 1 1 1 1 1 1 1 1 1 1 1 1 1 1 1 1 1 1 1 1 1 1 1 1 1 1 1 1 1 1 1 1 1 1 1 1 1 1 1 1 1 1 1 1 1 1 1 1 1 1 1 1 1 1 1 1 1 1 1 1 1 1 1 1 1 1 1 1 1 1 1 1 1 1 1 1 1 1 1 1 1 1 1 1 3 3 3 100 100 100 100 100 100 100 100 100 7 100 7 100 100 100 100 100 7 100 100 100 7 100 100 7 7 7 100 7 100 7 7 100 100 100 7 7 7 100 7 1 1 1 1 1 1 1 1 1 1 1 1 1 1 1 1 1 1 1 1 1 1 1 1 1 1 1 1 1 1 1 1 1 1 1 1 1 1 1 1 1 1 1 1 1 1 1 1 1 1 1 1 1 1 1 1 12 12 12 12 12 12 12 12 12 12 12 12 12 12 12 12 12 12 12 12 12 12 12 12 12 12 12 12 12 12 12 12 12 12 12 12 12 12 12 12 12 12 12 12 12 12 12 12 12 12 12 12 12 12 12 12 12 12 12 12 12 12 12 12 12 12 12 12 12 12 12 12 12 12 12 12 12 12 12 12 12 12 12 12 12 12 12 12 12 12 12 12 12 12 12 12 12 12 9 9 9 9 9 9 9 9 9 9 9 9 9 9 9 9 9 9 9 10 10 10 10 10 10 10 10 10 10 10 10 10 10 10 10 10 10 10 10 10 10 10 10 10 10 10 10 10 10 10 10 10 10 10 10 10 10 10 10 10 10 10 10 10 10 10 10 10 10 10 10 10 10 10 10 10 10 10 10 10 10 10 10 10 10 10 10 10 10 10 10 10 10 10 10 10 11 11 11 11 11 11 11 11 11 11 11 11 11 11 11 11 11 11 1 1 1 1 1 1
staticfield java/util/concurrent/ThreadPoolExecutor defaultHandler Ljava/util/concurrent/RejectedExecutionHandler; java/util/concurrent/ThreadPoolExecutor$AbortPolicy
staticfield java/util/concurrent/ThreadPoolExecutor shutdownPerm Ljava/lang/RuntimePermission; java/lang/RuntimePermission
instanceKlass java/util/concurrent/ArrayBlockingQueue
instanceKlass java/util/concurrent/LinkedBlockingQueue
ciInstanceKlass java/util/AbstractQueue 1 1 90 8 1 1 1 1 1 1 1 1 1 1 1 1 1 1 1 1 1 1 1 1 1 1 1 1 1 1 1 1 1 1 1 1 1 1 1 100 100 100 100 7 100 100 100 100 100 1 1 1 1 12 12 12 12 12 12 12 12 12 10 10 10 10 10 10 10 10 10 11 11 11 1 1 100 1 8 1 1 12 10 1 1 1 8 1 1 8 1 1
ciInstanceKlass java/util/concurrent/LinkedBlockingQueue 1 1 304 3 8 8 8 1 1 1 1 1 1 1 1 1 1 1 1 1 1 1 1 1 1 1 1 1 1 1 1 1 1 1 1 1 1 1 1 1 1 1 1 1 1 1 1 1 1 1 1 1 1 1 1 1 1 1 1 1 1 1 1 1 1 1 1 1 1 1 1 1 1 1 1 1 1 1 1 1 1 1 1 1 1 1 1 1 1 1 1 1 1 1 1 1 1 1 1 1 1 1 1 1 1 1 1 1 1 1 1 1 1 1 1 1 1 1 1 1 1 1 1 1 1 1 5 0 100 100 100 100 100 100 100 100 100 100 100 100 100 100 100 100 7 100 100 100 7 100 100 7 100 7 7 7 1 1 1 1 1 1 1 1 1 1 1 1 1 1 1 1 1 1 1 1 1 1 1 1 1 1 1 1 1 1 1 1 1 1 12 12 12 12 12 12 12 12 12 12 12 12 12 12 12 12 12 12 12 12 12 12 12 12 12 12 12 12 12 12 12 12 12 12 12 12 12 12 12 12 12 12 12 12 12 12 12 12 12 12 12 12 12 9 9 9 9 9 9 9 9 9 9 10 10 10 10 10 10 10 10 10 10 10 10 10 10 10 10 10 10 10 10 10 10 10 10 10 10 10 10 10 10 10 10 10 10 10 10 10 10 10 10 10 10 10 11 11 11 11 11 11 11 1 1 1
instanceKlass java/util/concurrent/locks/AbstractQueuedSynchronizer
ciInstanceKlass java/util/concurrent/locks/AbstractOwnableSynchronizer 1 1 28 1 1 1 1 1 1 1 1 1 1 1 1 1 1 5 0 100 7 7 1 1 1 12 12 9 10 1
instanceKlass java/util/concurrent/ThreadPoolExecutor$Worker
instanceKlass java/util/concurrent/locks/ReentrantLock$Sync
ciInstanceKlass java/util/concurrent/locks/AbstractQueuedSynchronizer 1 1 373 8 8 8 8 8 8 8 8 8 8 8 7 7 1 1 1 1 1 1 1 1 1 1 1 1 1 1 1 1 1 1 1 1 1 1 1 1 1 1 1 1 1 1 1 1 1 1 1 1 1 1 1 1 1 1 1 1 1 1 1 1 1 1 1 1 1 1 1 1 1 1 1 1 1 1 1 1 1 1 1 1 1 1 1 1 1 1 1 1 1 1 1 1 1 1 1 1 1 1 1 1 1 1 1 1 1 1 1 1 1 1 1 1 1 1 1 1 1 1 1 1 1 1 1 1 1 1 1 1 1 1 1 1 1 1 1 1 1 1 1 1 1 1 1 1 1 1 1 1 1 1 1 1 1 1 1 1 1 1 5 0 5 0 100 7 100 100 100 100 100 100 100 100 100 100 7 100 100 100 7 100 7 7 1 1 1 1 1 1 1 1 1 1 1 1 1 1 1 1 1 1 1 1 1 1 1 1 1 1 1 1 1 1 1 1 1 12 12 12 12 12 12 12 12 12 12 12 12 12 12 12 12 12 12 12 12 12 12 12 12 12 12 12 12 12 12 12 12 12 12 12 12 12 12 12 12 12 12 12 12 12 12 12 12 12 12 12 12 12 12 12 12 12 12 12 12 12 12 12 12 12 12 12 12 12 12 12 12 12 9 9 9 9 9 9 9 9 9 9 9 9 9 9 9 10 10 10 10 10 10 10 10 10 10 10 10 10 10 10 10 10 10 10 10 10 10 10 10 10 10 10 10 10 10 10 10 10 10 10 10 10 10 10 10 10 10 10 10 10 10 10 10 10 10 10 10 10 10 10 10 10 10 10 10 10 10 10 10 10 10 1 1
staticfield java/util/concurrent/locks/AbstractQueuedSynchronizer unsafe Lsun/misc/Unsafe; sun/misc/Unsafe
staticfield java/util/concurrent/locks/AbstractQueuedSynchronizer stateOffset J 16
staticfield java/util/concurrent/locks/AbstractQueuedSynchronizer headOffset J 20
staticfield java/util/concurrent/locks/AbstractQueuedSynchronizer tailOffset J 24
staticfield java/util/concurrent/locks/AbstractQueuedSynchronizer waitStatusOffset J 12
staticfield java/util/concurrent/locks/AbstractQueuedSynchronizer nextOffset J 20
instanceKlass java/util/concurrent/locks/ReentrantLock$FairSync
instanceKlass java/util/concurrent/locks/ReentrantLock$NonfairSync
ciInstanceKlass java/util/concurrent/locks/ReentrantLock$Sync 1 1 89 8 1 1 1 1 1 1 1 1 1 1 1 1 1 1 1 1 1 1 1 1 1 1 1 1 1 1 1 1 1 1 1 1 1 1 1 1 1 1 1 1 1 1 1 1 1 5 0 100 100 100 100 100 7 7 7 100 7 1 1 1 1 12 12 12 12 12 12 12 12 12 12 12 10 10 10 10 10 10 10 10 10 10 10 10 1 1 1
ciInstanceKlass java/util/concurrent/locks/ReentrantLock$NonfairSync 1 1 48 1 1 1 1 1 1 1 1 1 1 1 1 1 1 1 1 1 1 1 1 1 1 1 1 5 0 7 100 7 7 1 1 12 12 12 12 12 12 10 10 10 10 10 10 1 1 1
ciInstanceKlass java/util/concurrent/locks/AbstractQueuedSynchronizer$Node 1 1 61 1 1 1 1 1 1 1 1 1 1 1 1 1 1 1 1 1 1 1 1 1 1 1 1 1 1 1 1 1 1 3 3 3 3 100 7 100 7 1 1 1 1 1 12 12 12 12 12 12 12 9 9 9 9 9 9 10 10 10 1
staticfield java/util/concurrent/locks/AbstractQueuedSynchronizer$Node SHARED Ljava/util/concurrent/locks/AbstractQueuedSynchronizer$Node; java/util/concurrent/locks/AbstractQueuedSynchronizer$Node
staticfield java/util/concurrent/locks/AbstractQueuedSynchronizer$Node EXCLUSIVE Ljava/util/concurrent/locks/AbstractQueuedSynchronizer$Node; null
ciInstanceKlass java/util/concurrent/locks/Condition 1 0 20 1 1 1 1 1 1 1 1 1 1 1 1 1 100 100 100 1 1 1
ciInstanceKlass java/util/concurrent/locks/AbstractQueuedSynchronizer$ConditionObject 1 1 181 1 1 1 1 1 1 1 1 1 1 1 1 1 1 1 1 1 1 1 1 1 1 1 1 1 1 1 1 1 1 1 1 1 1 1 1 1 1 1 1 1 1 1 1 1 1 1 1 1 1 1 1 1 1 1 1 1 1 1 1 1 1 1 1 1 1 1 1 1 1 1 1 1 1 1 3 3 5 0 5 0 100 100 100 7 100 7 100 100 100 7 7 7 100 7 1 1 1 1 1 1 1 1 1 1 1 1 1 1 1 1 1 1 12 12 12 12 12 12 12 12 12 12 12 12 12 12 12 12 12 12 12 12 12 12 12 12 12 12 12 12 12 12 12 9 9 9 9 9 9 10 10 10 10 10 10 10 10 10 10 10 10 10 10 10 10 10 10 10 10 10 10 10 10 10 10 10 10 1 1
ciInstanceKlass java/util/concurrent/LinkedBlockingQueue$Node 1 1 29 1 1 1 1 1 1 1 1 1 1 1 1 1 1 1 1 7 100 7 1 1 1 1 12 12 9 10 1
ciInstanceKlass java/util/concurrent/ArrayBlockingQueue 1 1 265 3 8 8 1 1 1 1 1 1 1 1 1 1 1 1 1 1 1 1 1 1 1 1 1 1 1 1 1 1 1 1 1 1 1 1 1 1 1 1 1 1 1 1 1 1 1 1 1 1 1 1 1 1 1 1 1 1 1 1 1 1 1 1 1 1 1 1 1 1 1 1 1 1 1 1 1 1 1 1 1 1 1 1 1 1 1 1 1 1 1 1 1 1 1 1 1 1 1 1 1 1 1 1 1 1 1 1 1 5 0 100 100 100 100 100 100 100 100 7 100 100 100 100 7 100 100 100 7 100 100 100 100 7 7 1 1 1 1 1 1 1 1 1 1 1 1 1 1 1 1 1 1 1 1 1 1 1 1 1 1 1 1 1 1 1 1 1 12 12 12 12 12 12 12 12 12 12 12 12 12 12 12 12 12 12 12 12 12 12 12 12 12 12 12 12 12 12 12 12 12 12 12 12 12 12 12 12 12 12 12 12 12 9 9 9 9 9 9 9 9 10 10 10 10 10 10 10 10 10 10 10 10 10 10 10 10 10 10 10 10 10 10 10 10 10 10 10 10 10 10 10 10 10 10 11 11 11 11 11 11 11 1 1 1
ciInstanceKlass java/util/concurrent/locks/ReentrantLock$FairSync 1 1 66 8 1 1 1 1 1 1 1 1 1 1 1 1 1 1 1 1 1 1 1 1 1 1 1 1 1 1 1 1 1 1 1 1 5 0 100 7 100 7 7 1 1 12 12 12 12 12 12 12 12 12 12 10 10 10 10 10 10 10 10 10 10 1 1 1
ciInstanceKlass java/util/concurrent/ThreadPoolExecutor$CallerRunsPolicy 1 1 31 1 1 1 1 1 1 1 1 1 1 1 1 1 1 1 1 7 7 100 7 100 1 12 12 12 10 10 11 1 1
ciInstanceKlass java/util/concurrent/Future 1 0 26 1 1 1 1 1 1 1 1 1 1 1 1 1 1 1 1 100 100 100 100 100 1 1 1 1
ciInstanceKlass java/util/concurrent/RunnableFuture 1 0 15 1 1 1 1 1 1 1 1 100 100 100 100 1 1
ciInstanceKlass java/util/concurrent/FutureTask 1 1 233 8 8 8 7 1 1 1 1 1 1 1 1 1 1 1 1 1 1 1 1 1 1 1 1 1 1 1 1 1 1 1 1 1 1 1 1 1 1 1 1 1 1 1 1 1 1 1 1 1 1 1 1 1 1 1 1 1 1 1 1 1 1 1 1 1 1 1 1 1 1 1 1 1 1 1 1 1 1 1 1 1 1 1 1 1 1 1 1 1 1 1 1 1 1 1 1 1 3 3 3 3 3 3 3 7 100 100 100 100 7 100 7 100 7 100 100 100 7 100 100 100 7 7 1 1 1 1 1 1 1 1 1 1 1 1 1 1 1 1 1 1 1 1 1 1 1 1 1 12 12 12 12 12 12 12 12 12 12 12 12 12 12 12 12 12 12 12 12 12 12 12 12 12 12 12 12 12 12 12 12 12 12 12 12 12 12 9 9 9 9 9 9 9 9 9 9 9 10 10 10 10 10 10 10 10 10 10 10 10 10 10 10 10 10 10 10 10 10 10 10 10 10 10 10 10 10 10 10 10 11 1 1
staticfield java/util/concurrent/FutureTask UNSAFE Lsun/misc/Unsafe; sun/misc/Unsafe
staticfield java/util/concurrent/FutureTask stateOffset J 12
staticfield java/util/concurrent/FutureTask runnerOffset J 24
staticfield java/util/concurrent/FutureTask waitersOffset J 28
ciInstanceKlass java/util/concurrent/FutureTask$WaitNode 1 1 29 1 1 1 1 1 1 1 1 1 1 1 1 1 7 7 100 7 1 1 1 12 12 12 9 10 10 1 1
ciInstanceKlass java/util/concurrent/ThreadPoolExecutor$Worker 1 1 104 1 1 1 1 1 1 1 1 1 1 1 1 1 1 1 1 1 1 1 1 1 1 1 1 1 1 1 1 1 1 1 1 1 1 1 1 1 1 1 1 1 1 1 1 1 1 1 5 0 100 100 7 7 7 7 7 1 1 1 1 1 1 1 1 1 12 12 12 12 12 12 12 12 12 12 12 12 12 12 12 12 12 12 9 9 9 10 10 10 10 10 10 10 10 10 10 10 10 10 10 11 1 1
ciInstanceKlass java/util/concurrent/locks/LockSupport 1 1 118 8 8 8 8 7 1 1 1 1 1 1 1 1 1 1 1 1 1 1 1 1 1 1 1 1 1 1 1 1 1 1 1 1 1 1 1 1 1 1 1 1 1 1 1 1 1 1 1 1 1 1 1 7 100 100 100 100 100 7 7 1 1 1 1 1 1 1 1 1 1 1 1 1 1 1 12 12 12 12 12 12 12 12 12 12 12 12 12 12 12 12 12 12 12 12 9 9 9 9 9 10 10 10 10 10 10 10 10 10 10 10 10 10 10 10 10 1
staticfield java/util/concurrent/locks/LockSupport UNSAFE Lsun/misc/Unsafe; sun/misc/Unsafe
staticfield java/util/concurrent/locks/LockSupport parkBlockerOffset J 88
staticfield java/util/concurrent/locks/LockSupport SEED J 232
staticfield java/util/concurrent/locks/LockSupport PROBE J 240
staticfield java/util/concurrent/locks/LockSupport SECONDARY J 244
ciInstanceKlass com/android/dx/command/dexer/Main 1 1 1243 7 10 10 10 10 9 9 9 10 9 9 9 9 10 9 9 10 10 9 10 10 10 10 10 10 10 9 11 10 9 10 100 10 9 9 10 10 10 8 8 9 9 9 8 10 7 10 10 10 9 10 9 10 10 10 9 9 100 8 10 10 10 9 100 10 9 7 10 9 10 9 11 100 8 10 9 100 10 11 11 11 5 0 9 11 100 8 10 11 11 11 100 9 11 100 11 8 100 8 11 10 11 10 100 10 10 100 100 10 7 8 10 10 8 10 7 10 7 10 10 11 10 100 10 10 100 9 10 10 100 10 10 10 7 10 10 10 10 10 100 9 10 10 100 10 9 10 7 7 10 7 10 10 10 9 7 10 100 10 10 8 9 10 7 10 9 100 100 10 9 9 8 10 10 8 10 8 10 8 10 9 10 8 10 8 8 8 8 9 8 9 9 9 10 7 9 10 9 10 7 7 10 10 10 8 10 10 9 8 8 8 9 10 9 10 7 10 7 10 10 10 100 8 7 9 9 10 9 10 10 10 8 10 10 10 8 10 8 10 10 9 10 8 8 8 10 9 10 10 9 10 10 10 8 8 10 10 100 10 10 11 100 11 7 11 100 10 8 8 10 10 10 10 10 10 8 10 100 10 10 9 8 10 100 10 10 10 9 10 8 100 8 8 10 8 8 10 10 10 9 10 8 10 10 8 8 10 10 8 10 8 10 10 100 10 10 10 10 10 8 100 10 10 11 10 10 8 10 10 10 10 8 10 100 8 8 10 8 10 8 10 10 7 8 10 8 8 8 8 8 8 8 8 8 8 8 8 8 8 8 7 10 7 100 1 1 100 1 100 1 1 1 1 1 1 1 1 1 1 1 1 1 1 1 1 1 1 1 1 1 1 3 1 3 1 1 1 1 1 1 1 1 1 1 1 1 1 1 1 1 1 1 1 1 1 1 1 1 1 1 1 1 1 1 1 1 1 1 1 1 1 1 1 1 1 1 1 1 1 1 1 1 1 100 1 100 1 1 1 1 100 100 1 1 1 1 1 1 1 1 1 100 1 1 1 1 1 1 1 1 1 1 1 100 100 100 1 1 1 1 1 1 1 1 1 1 1 1 1 100 100 1 1 1 1 1 1 1 1 1 1 100 1 1 1 1 1 1 1 100 1 1 1 100 1 1 1 1 1 1 1 1 100 100 100 100 100 100 100 100 100 1 1 1 1 1 1 1 1 100 1 1 1 1 1 1 1 1 1 1 1 1 1 1 1 100 1 1 1 1 1 1 1 1 1 1 100 1 1 1 1 1 1 1 1 1 1 1 1 1 1 1 1 1 1 1 1 100 100 100 100 1 1 1 1 1 1 100 1 1 1 1 1 1 1 1 1 1 1 1 1 1 1 1 1 1 1 1 1 1 1 1 1 1 1 1 1 1 1 1 1 1 1 1 100 100 100 100 100 100 100 100 1 1 1 1 1 1 1 1 1 1 1 1 1 1 1 1 1 1 1 1 1 1 1 1 1 1 1 1 1 1 1 1 1 1 1 1 12 12 12 12 12 12 12 12 12 12 12 12 12 12 12 12 12 12 12 12 12 12 100 12 12 12 7 12 12 12 12 1 12 12 12 12 12 12 1 1 12 12 12 1 100 12 1 12 12 12 12 12 12 12 12 12 12 12 1 1 12 12 100 12 12 1 12 1 12 7 12 12 1 1 12 1 12 100 12 12 12 7 12 12 1 1 12 100 12 12 1 12 12 1 12 1 1 1 12 12 12 12 1 12 12 1 1 1 12 12 1 12 1 1 12 12 7 12 1 12 1 100 12 12 12 1 12 12 1 12 1 12 12 12 1 12 7 12 1 1 12 1 1 12 12 12 1 12 1 12 1 12 12 1 12 12 1 1 12 12 100 1 12 100 12 1 12 1 1 12 12 1 12 1 1 1 1 12 1 12 12 100 12 1 12 12 12 12 1 1 12 12 1 12 12 12 1 1 1 12 12 12 12 1 12 1 12 12 12 1 1 1 12 7 12 7 12 12 12 7 12 1 12 12 1 12 1 12 12 12 12 1 1 1 12 12 12 12 12 100 12 12 1 1 12 12 1 12 12 100 100 1 12 1 12 1 1 1 12 12 12 12 1 12 1 12 12 1 100 1 12 12 12 12 1 1 1 1 12 1 1 12 12 1 12 12 1 1 12 12 1 12 1 100 12 1 12 100 12 12 100 12 1 1 12 12 12 12 1 12 12 12 1 100 12 1 1 1 100 1 12 1 7 12 1 1 1 1 1 1 1 1 1 1 1 1 1 1 1 1 1 1 12 1 1 1 1 1 1 1 1 1 1 1 1 1 1 1 1 1 1 1 1 1 1 1 1 1 1 1 1 1 1 1 1 1 1 1 1 1 1 1 1 1 1 1 1 1 1 1 1 1 1 1 1 1 1 1 1 1 1 1 1 1 1 1 1 1 1 1 1 1 1 1 1 1 1 1 1 1 1 1 1 1 1 1 1 1 1 1 1 1 1 1 1 1 1 1 1 1 1 1 1 1 1 1 1 1 1 1 1 1 1 1 1 1 1 1 1 1 1 1 100 1 1 1 1 1 1 1 1 1 1 1 1 1 1 1 1 1 1 1 1 1 1 1 1 1 1 1 1 1 1 1 1 1 1 1 1 1 1 1 1 1 1 1 1 1 1 1 1 1 1 1 1 1 1 1 1 1 1 1 1 1 1 1 1 1 1 1 1 1 1 1 1 1 1 1 1 1 1 1 1 1 1 1 1 1 1 1 1 1 1 1 1 1 1 1 1 1 1 1 1 1
staticfield com/android/dx/command/dexer/Main CREATED_BY Ljava/util/jar/Attributes$Name; java/util/jar/Attributes$Name
staticfield com/android/dx/command/dexer/Main JAVAX_CORE [Ljava/lang/String; 15 [Ljava/lang/String;
staticfield com/android/dx/command/dexer/Main libraryDexBuffers Ljava/util/List; java/util/ArrayList
staticfield com/android/dx/command/dexer/Main $assertionsDisabled Z 1
instanceKlass com/android/dx/cf/code/SimException
instanceKlass com/android/dx/util/MutabilityException
instanceKlass com/android/dx/cf/iface/ParseException
instanceKlass com/android/dex/DexException
ciInstanceKlass com/android/dex/util/ExceptionWithContext 0 0 110 100 10 10 10 10 10 9 10 100 10 10 10 10 10 10 10 100 8 10 8 10 10 10 10 10 10 10 100 1 1 1 1 1 1 1 1 1 1 1 1 1 1 100 1 1 1 1 1 1 1 1 100 100 1 1 1 1 1 1 1 1 1 1 1 1 1 12 12 12 100 12 12 12 1 100 12 12 12 12 100 12 12 100 1 1 12 1 12 12 12 12 1 1 1 1 1 1 1 1 1 1 1 1 1 1 1 1 1 1
ciInstanceKlass com/android/dx/cf/iface/ParseException 0 0 26 10 10 10 100 100 1 1 1 1 1 1 1 1 1 1 1 1 1 1 1 12 12 12 1 1
ciInstanceKlass com/android/dx/command/dexer/Main$Arguments 1 1 403 9 10 10 9 9 9 9 9 9 9 9 9 9 9 9 9 100 9 9 9 9 9 9 9 9 9 9 9 9 100 3 7 10 10 8 10 8 8 8 8 8 8 8 8 9 8 9 8 10 100 10 10 8 8 8 7 10 10 10 8 10 8 10 100 10 8 10 10 8 8 10 8 8 10 8 8 8 8 8 7 8 8 8 8 8 8 8 8 7 10 10 10 100 8 10 8 10 10 9 11 10 11 11 7 11 7 8 9 8 8 8 8 8 8 8 8 10 10 7 10 9 9 9 9 9 9 9 9 9 9 9 7 10 9 9 7 1 1 1 1 1 1 1 8 1 1 8 1 1 8 1 1 1 1 1 1 1 1 1 1 1 1 1 1 1 1 1 1 1 1 1 1 1 1 1 1 1 1 1 1 1 1 1 1 1 1 1 1 1 1 1 1 1 1 1 1 1 1 1 1 1 1 1 1 1 1 1 1 100 100 100 100 100 1 1 1 1 1 1 1 1 12 12 12 12 12 12 12 12 12 12 12 12 12 12 12 12 1 12 12 12 12 12 12 12 12 12 12 12 12 1 1 12 12 1 12 1 1 1 1 1 1 1 1 12 1 100 12 1 100 12 1 12 1 1 1 1 12 12 100 12 1 12 1 12 1 1 12 12 1 1 100 12 1 1 12 1 1 1 1 1 7 1 1 1 1 1 1 1 1 1 1 12 12 1 1 12 1 12 12 12 7 12 7 12 12 12 1 12 1 12 1 1 1 1 1 1 1 1 12 12 1 12 7 12 12 1 12 1 1 1 1 1 1 1 1 1 1 1 1 1 1 1 1 1 1 1 1 1 1 1 1 1 1 1 1 1 1 1 1 1 1 1 1 1 1 1 1 1 1 1 1 1 1 1 1 1 1 1 1 1 1
ciInstanceKlass com/android/dx/dex/cf/CfOptions 1 1 49 10 100 9 9 9 9 9 9 9 9 7 7 1 1 1 1 1 1 1 1 1 1 1 1 1 1 1 1 1 1 1 1 1 12 1 12 12 12 12 12 12 7 12 12 1 1 1 1
ciInstanceKlass com/android/dx/command/DxConsole 1 1 40 10 9 9 9 9 7 7 10 10 9 7 100 1 1 1 1 1 1 1 1 1 1 1 1 1 1 1 12 7 12 12 1 1 12 12 1 1 1 1
staticfield com/android/dx/command/DxConsole noop Ljava/io/PrintStream; java/io/PrintStream
ciInstanceKlass com/android/dx/dex/DexOptions 1 1 38 10 7 9 100 9 9 10 7 1 1 1 3 1 1 1 1 1 1 1 1 1 1 1 1 1 1 1 12 1 12 1 12 12 12 1 1 1
ciInstanceKlass com/android/dx/dex/file/DexFile 1 1 470 10 9 7 10 9 7 9 10 9 8 9 9 8 9 9 9 8 9 7 10 9 7 10 9 7 10 9 7 10 9 7 10 9 7 10 9 8 9 7 9 9 9 10 11 10 10 7 10 10 100 100 10 10 10 10 8 10 100 8 10 7 10 10 7 10 7 10 7 10 100 8 10 10 10 10 10 10 10 10 10 10 10 10 10 10 100 10 8 10 10 10 10 10 10 8 10 100 10 10 10 10 100 8 10 10 10 10 10 8 10 10 9 8 10 10 10 10 100 10 10 8 10 100 10 10 10 8 8 100 100 10 10 10 7 7 1 1 1 1 1 1 1 1 1 1 1 1 1 1 1 1 1 1 1 1 1 1 1 1 1 1 1 1 1 1 1 1 1 1 1 1 1 1 1 1 1 1 1 1 1 1 1 1 1 1 1 1 100 1 1 1 1 1 1 1 1 1 1 1 100 1 100 1 1 1 1 1 1 1 1 1 1 1 1 1 1 1 1 1 1 1 1 1 1 1 1 1 1 1 1 1 1 1 1 1 1 1 1 1 1 1 1 1 1 1 1 1 1 1 1 100 100 100 100 100 1 1 1 1 1 100 100 1 1 1 1 1 1 1 1 100 100 100 1 1 1 1 1 1 12 12 1 12 12 1 7 12 12 12 1 12 12 1 12 12 12 1 12 1 12 1 12 1 12 1 12 1 12 1 12 12 1 12 12 12 12 100 12 12 100 12 1 12 12 1 1 12 12 100 12 12 1 12 1 1 1 12 12 1 12 1 12 1 12 1 1 12 12 1 1 12 12 12 100 12 12 12 1 12 1 12 12 12 12 1 1 12 12 12 12 1 12 12 100 12 1 12 12 12 12 1 12 1 100 12 1 12 12 1 1 1 1 12 1 1 1 1 1 1 1 1 1 1 1 1 1 1 1 1 1 1 1 1 1 1 1 1 1 1 1 1 1 1 1 1 1 1 1 1 1 1 1 1 1 1 1 1 1 1 1 1 1 1 1 1 1 1 1 1 1 1 1 1 1 1 1 1 1 1 1 1 1 1 1 1 1 1 1 1
instanceKlass com/android/dx/dex/file/UniformItemSection
instanceKlass com/android/dx/dex/file/MixedItemSection
ciInstanceKlass com/android/dx/dex/file/Section 1 1 157 100 8 10 10 100 8 10 10 9 9 9 9 9 100 8 10 8 8 10 10 11 100 10 8 10 10 8 10 8 10 11 8 8 11 10 8 8 10 10 8 8 11 7 7 1 1 1 1 1 1 1 1 1 1 1 1 1 1 1 1 1 1 1 100 100 100 1 1 1 1 1 1 1 1 1 1 1 1 1 1 1 1 1 1 1 1 1 1 1 1 1 1 1 1 1 1 1 1 1 1 1 12 12 1 1 12 12 12 12 12 12 1 1 1 1 12 12 100 12 1 1 12 12 1 12 1 12 12 1 1 12 12 1 1 12 12 1 1 12 1 1 1 1 1 1 1 1 1 1 1 1 1 1 1 1 1
instanceKlass com/android/dx/rop/cst/CstArray
instanceKlass com/android/dx/rop/cst/CstAnnotation
instanceKlass com/android/dx/rop/cst/CstNat
instanceKlass com/android/dx/rop/cst/TypedConstant
ciInstanceKlass com/android/dx/rop/cst/Constant 1 1 54 10 10 10 10 10 7 10 7 100 100 1 1 1 1 1 1 1 1 1 1 1 1 1 1 1 1 1 1 100 1 1 1 1 1 1 12 12 7 12 7 12 12 1 12 1 1 1 1 1 1 1 1 1
instanceKlass com/android/dx/rop/cst/CstMemberRef
instanceKlass com/android/dx/rop/cst/CstLiteralBits
instanceKlass com/android/dx/rop/cst/CstString
instanceKlass com/android/dx/rop/cst/CstType
ciInstanceKlass com/android/dx/rop/cst/TypedConstant 1 1 35 10 10 10 10 7 7 100 1 1 1 1 1 1 1 1 1 1 1 1 1 1 1 1 12 12 7 12 12 1 1 1 1 1 1
ciInstanceKlass com/android/dx/rop/cst/CstType 1 1 269 10 9 9 9 9 9 9 9 9 9 100 100 10 8 10 10 10 10 9 10 7 10 10 10 100 8 10 9 100 8 10 9 9 10 10 10 8 10 10 9 8 10 100 10 10 10 10 8 10 10 7 10 9 10 9 9 9 9 9 9 9 9 9 9 9 9 9 9 9 9 9 9 9 9 9 9 9 9 9 9 7 1 1 1 1 1 1 1 1 1 1 1 1 1 1 1 1 1 1 1 1 1 1 1 1 1 1 1 1 1 1 1 1 1 1 1 1 100 100 100 100 1 1 1 1 1 1 1 1 1 1 1 1 1 1 1 1 1 1 1 1 1 1 1 1 1 1 1 1 1 1 100 1 1 1 1 7 12 12 12 12 12 12 12 12 12 12 1 1 12 1 12 12 12 12 12 12 1 12 12 1 1 12 1 1 12 12 12 12 7 12 1 12 12 12 1 12 12 12 1 12 12 1 12 12 12 12 12 12 12 12 12 12 12 12 12 12 12 12 12 12 12 12 12 12 12 12 12 12 12 12 12 1 1 1 1 1 1 1 1 1 1 1 1 1 1 1 1 1 1 1 1 1 1 1 1 1 1 1 1 1 1 1 1 1 1 1 1
staticfield com/android/dx/rop/cst/CstType interns Ljava/util/HashMap; java/util/HashMap
staticfield com/android/dx/rop/cst/CstType OBJECT Lcom/android/dx/rop/cst/CstType; com/android/dx/rop/cst/CstType
staticfield com/android/dx/rop/cst/CstType BOOLEAN Lcom/android/dx/rop/cst/CstType; com/android/dx/rop/cst/CstType
staticfield com/android/dx/rop/cst/CstType BYTE Lcom/android/dx/rop/cst/CstType; com/android/dx/rop/cst/CstType
staticfield com/android/dx/rop/cst/CstType CHARACTER Lcom/android/dx/rop/cst/CstType; com/android/dx/rop/cst/CstType
staticfield com/android/dx/rop/cst/CstType DOUBLE Lcom/android/dx/rop/cst/CstType; com/android/dx/rop/cst/CstType
staticfield com/android/dx/rop/cst/CstType FLOAT Lcom/android/dx/rop/cst/CstType; com/android/dx/rop/cst/CstType
staticfield com/android/dx/rop/cst/CstType LONG Lcom/android/dx/rop/cst/CstType; com/android/dx/rop/cst/CstType
staticfield com/android/dx/rop/cst/CstType INTEGER Lcom/android/dx/rop/cst/CstType; com/android/dx/rop/cst/CstType
staticfield com/android/dx/rop/cst/CstType SHORT Lcom/android/dx/rop/cst/CstType; com/android/dx/rop/cst/CstType
staticfield com/android/dx/rop/cst/CstType VOID Lcom/android/dx/rop/cst/CstType; com/android/dx/rop/cst/CstType
staticfield com/android/dx/rop/cst/CstType BOOLEAN_ARRAY Lcom/android/dx/rop/cst/CstType; com/android/dx/rop/cst/CstType
staticfield com/android/dx/rop/cst/CstType BYTE_ARRAY Lcom/android/dx/rop/cst/CstType; com/android/dx/rop/cst/CstType
staticfield com/android/dx/rop/cst/CstType CHAR_ARRAY Lcom/android/dx/rop/cst/CstType; com/android/dx/rop/cst/CstType
staticfield com/android/dx/rop/cst/CstType DOUBLE_ARRAY Lcom/android/dx/rop/cst/CstType; com/android/dx/rop/cst/CstType
staticfield com/android/dx/rop/cst/CstType FLOAT_ARRAY Lcom/android/dx/rop/cst/CstType; com/android/dx/rop/cst/CstType
staticfield com/android/dx/rop/cst/CstType LONG_ARRAY Lcom/android/dx/rop/cst/CstType; com/android/dx/rop/cst/CstType
staticfield com/android/dx/rop/cst/CstType INT_ARRAY Lcom/android/dx/rop/cst/CstType; com/android/dx/rop/cst/CstType
staticfield com/android/dx/rop/cst/CstType SHORT_ARRAY Lcom/android/dx/rop/cst/CstType; com/android/dx/rop/cst/CstType
instanceKlass com/android/dx/dex/file/ClassDefsSection
instanceKlass com/android/dx/dex/file/MemberIdsSection
instanceKlass com/android/dx/dex/file/ProtoIdsSection
instanceKlass com/android/dx/dex/file/TypeIdsSection
instanceKlass com/android/dx/dex/file/StringIdsSection
instanceKlass com/android/dx/dex/file/HeaderSection
ciInstanceKlass com/android/dx/dex/file/UniformItemSection 1 1 110 10 10 11 11 11 100 10 10 10 11 10 10 10 11 100 10 10 10 100 7 1 1 1 1 1 1 1 1 1 1 1 1 1 1 1 1 1 1 1 1 1 100 1 1 1 1 1 1 100 100 1 1 1 1 1 1 1 1 1 1 1 1 1 12 12 100 12 12 100 12 1 12 12 12 12 12 12 12 100 12 1 12 12 1 1 1 1 1 1 1 1 1 1 1 1 1 1 1 1 1 1 1 1 1 1 1 1 1 1
instanceKlass com/android/dx/dex/file/OffsettedItem
instanceKlass com/android/dx/dex/file/IndexedItem
ciInstanceKlass com/android/dx/dex/file/Item 1 1 33 10 10 10 100 7 1 1 1 1 1 1 1 1 1 1 1 1 1 1 1 1 1 1 1 12 12 100 12 1 1 1 1
instanceKlass com/android/dx/dex/file/StringIdItem
instanceKlass com/android/dx/dex/file/IdItem
instanceKlass com/android/dx/dex/file/ClassDefItem
instanceKlass com/android/dx/dex/file/HeaderItem
ciInstanceKlass com/android/dx/dex/file/IndexedItem 1 1 57 10 9 100 8 10 8 100 10 10 10 10 10 7 7 1 1 1 1 1 1 1 1 1 1 1 1 1 1 1 1 1 1 1 1 12 12 1 1 12 1 1 12 100 12 12 12 1 1 1 1 1 1 1 1 1 1
ciInstanceKlass com/android/dx/dex/file/FieldIdsSection 1 1 146 8 10 7 10 9 10 100 8 10 10 100 10 100 100 8 10 10 10 11 100 10 8 10 10 10 11 8 11 8 10 7 10 10 8 10 7 7 1 1 1 1 1 1 1 1 1 1 1 1 1 1 1 1 1 1 1 1 1 1 1 100 1 1 1 1 1 1 1 1 1 1 1 1 100 1 1 1 1 1 1 1 12 1 12 12 12 1 1 12 12 1 12 1 1 1 12 12 100 12 1 1 12 100 12 12 12 1 12 1 12 1 12 12 1 12 1 1 1 1 1 1 1 1 1 1 1 1 1 1 1 1 1 1 1 1 1 1 1 1 1 1 1 1 1 1
ciInstanceKlass com/android/dx/dex/file/MethodIdsSection 1 1 146 8 10 7 10 9 10 100 8 10 10 100 10 100 100 8 10 10 10 11 100 10 8 10 10 10 11 8 11 8 10 7 10 10 8 10 7 7 1 1 1 1 1 1 1 1 1 1 1 1 1 1 1 1 1 1 1 1 1 1 1 100 1 1 1 1 1 1 1 1 1 1 1 1 100 1 1 1 1 1 1 1 12 1 12 12 12 1 1 12 12 1 12 1 1 1 12 12 100 12 1 1 12 100 12 12 12 1 12 1 12 1 12 12 1 12 1 1 1 1 1 1 1 1 1 1 1 1 1 1 1 1 1 1 1 1 1 1 1 1 1 1 1 1 1 1
ciInstanceKlass com/android/dx/dex/file/ClassDefsSection 1 1 227 8 10 7 10 9 9 10 100 8 10 10 7 10 10 100 100 8 10 10 10 11 100 10 8 10 10 10 11 8 11 10 8 10 8 10 10 100 10 10 11 11 11 100 10 7 10 100 8 10 10 10 11 11 10 10 7 7 1 1 1 1 1 1 1 1 1 1 1 1 1 1 1 1 1 1 1 1 1 1 1 1 1 1 1 1 100 100 1 1 1 1 1 1 1 1 1 1 1 1 1 100 1 1 1 100 1 1 1 1 1 1 1 1 1 1 100 100 100 1 1 1 12 1 12 12 12 12 1 1 12 12 1 12 12 1 1 1 12 12 100 12 1 1 12 100 12 12 12 1 12 12 1 12 1 12 12 1 12 12 100 12 100 12 12 1 12 1 12 1 1 12 12 100 12 12 12 1 1 1 1 1 1 1 1 1 1 1 1 1 1 1 1 1 1 1 1 1 1 1 1 1 1 1 1 1 1 1 1 1 1 1 1 1 1 1 1 1 1 1 1 1 1 1 1 1 1
ciInstanceKlass com/android/dx/cf/direct/DirectClassFile 1 1 417 8 10 10 100 8 10 8 9 9 9 9 7 10 10 9 8 9 10 10 10 10 9 9 9 9 10 9 9 9 10 7 8 11 10 9 100 8 10 7 10 10 10 10 10 100 100 10 8 10 10 10 100 10 7 3 10 8 10 8 11 8 10 8 10 8 10 8 8 10 8 10 8 7 10 10 10 10 10 10 7 10 8 10 8 10 8 10 8 8 10 10 10 8 10 10 10 8 8 7 10 10 10 10 7 10 10 10 10 7 100 10 10 10 10 10 8 8 7 100 1 1 1 1 1 1 3 1 3 1 3 1 1 1 1 1 1 1 1 1 1 1 1 1 1 1 1 1 1 1 1 1 1 1 1 1 1 1 1 1 1 1 1 1 1 1 1 100 100 100 1 1 1 1 1 1 1 1 1 1 1 1 1 1 1 1 1 1 1 1 1 1 1 1 1 1 1 1 1 1 1 1 1 1 100 100 1 1 1 1 1 1 1 1 1 1 1 1 1 1 1 100 100 1 1 1 1 1 1 1 1 1 1 1 1 1 1 1 1 1 1 1 1 100 100 100 100 1 1 1 12 12 1 1 12 1 12 12 12 12 1 12 12 12 1 12 12 12 12 12 12 12 12 12 12 12 12 12 12 1 7 12 12 7 12 1 1 1 12 12 12 12 12 1 1 1 12 12 1 12 1 12 1 1 100 12 1 100 12 1 12 1 12 1 1 12 1 12 1 1 12 12 12 7 12 12 12 1 12 1 100 12 1 12 1 12 1 1 12 12 7 12 1 7 12 12 12 1 1 1 12 12 1 12 1 1 12 12 7 1 1 1 1 1 1 1 1 1 1 1 1 1 1 1 1 1 1 1 1 1 1 1 1 1 1 1 1 1 1 1 1 1 1 1 1 1 1 1 1 1 1 1 1 1 1 1 1 1 1 1 1 1 1 1 1 1 1
ciInstanceKlass com/android/dx/rop/cst/ConstantPool 1 0 15 100 100 1 1 1 1 1 1 1 1 1 1 1 1
ciInstanceKlass com/android/dx/rop/type/TypeList 1 0 16 100 100 1 1 1 1 1 1 1 1 1 1 1 1 1
ciInstanceKlass com/android/dx/rop/cst/CstString 1 1 214 10 10 10 10 10 10 7 10 100 100 10 8 10 10 8 10 10 10 10 100 8 10 10 9 7 10 10 9 8 10 7 10 10 10 8 10 8 8 10 10 8 8 8 8 10 8 10 8 9 10 9 7 1 1 1 1 1 1 1 1 1 1 1 1 1 1 1 1 1 1 1 1 100 100 1 1 1 1 1 1 1 1 1 1 1 100 100 1 1 1 1 1 1 100 1 1 1 1 1 1 1 1 1 1 1 1 1 1 1 1 1 1 1 1 1 1 1 100 1 1 1 1 1 1 1 1 1 1 1 1 1 1 1 12 12 7 12 12 12 12 1 12 1 1 12 1 12 100 12 1 12 12 12 1 1 12 12 1 12 12 12 1 12 1 12 12 12 1 12 1 1 12 12 1 1 1 1 100 12 1 12 1 7 12 12 1 1 1 1 1 1 1 1 1 1 1 1 1 1 1 1 1 1 1 1 1 1 1 1 1 1 1 1
staticfield com/android/dx/rop/cst/CstString EMPTY_STRING Lcom/android/dx/rop/cst/CstString; com/android/dx/rop/cst/CstString
ciInstanceKlass com/android/dx/rop/cst/CstFieldRef 1 1 71 7 10 9 10 10 8 10 10 10 10 10 7 1 1 1 1 1 1 1 1 1 1 1 1 1 1 1 1 1 1 1 1 1 1 1 1 1 1 1 1 1 1 1 1 1 100 12 7 12 12 1 12 12 12 12 7 12 1 1 1 1 1 1 1 1 1 1 1 1 1
instanceKlass com/android/dx/rop/cst/CstInterfaceMethodRef
instanceKlass com/android/dx/rop/cst/CstMethodRef
ciInstanceKlass com/android/dx/rop/cst/CstBaseMethodRef 1 1 111 10 10 10 10 10 9 9 10 10 10 10 7 10 10 10 10 10 10 10 7 1 1 1 1 1 1 1 1 1 1 1 1 1 1 1 1 1 1 1 1 1 1 1 1 1 1 1 1 1 1 1 1 1 1 1 1 1 1 1 1 12 12 7 12 7 12 7 12 12 12 12 7 12 12 12 1 12 12 12 12 7 12 12 12 1 1 1 1 1 1 1 1 1 1 1 1 1 1 1 1 1 1 1 1 1 1 1 1 1 1
ciInstanceKlass com/android/dx/rop/cst/CstMethodRef 1 1 24 10 8 100 7 1 1 1 1 1 1 1 1 1 1 1 1 1 1 1 12 1 1 1
ciInstanceKlass com/android/dx/rop/cst/CstInterfaceMethodRef 1 1 42 10 9 8 7 10 10 10 7 7 1 1 1 1 1 1 1 1 1 1 1 1 1 1 1 1 1 1 1 1 12 12 1 1 12 12 1 1 1 1 1 1
ciInstanceKlass com/android/dx/rop/cst/StdConstantPool 1 1 99 10 100 8 10 7 9 100 10 10 10 10 8 8 100 100 10 8 10 10 10 10 7 7 100 1 1 1 1 1 1 1 1 1 1 1 1 100 1 1 1 1 1 1 100 1 1 1 1 100 1 1 1 1 1 1 1 1 1 1 1 1 12 1 1 12 1 12 1 12 12 12 12 1 1 1 1 12 1 12 100 12 12 1 1 1 1 1 1 1 1 1 1 1 1 1 1 1 1
ciInstanceKlass com/android/dx/rop/type/Type 1 1 450 9 10 7 10 100 100 8 10 100 8 10 10 10 10 10 7 10 8 10 10 10 10 8 10 9 8 8 10 10 10 8 8 9 9 9 9 9 9 10 10 10 8 8 8 8 8 8 8 8 8 10 10 10 8 10 8 8 10 9 9 10 8 10 9 10 8 8 8 8 10 8 10 10 10 10 10 7 10 8 9 8 9 8 9 8 9 8 9 8 8 9 8 9 8 8 9 8 9 8 9 8 9 8 9 8 9 8 9 8 9 8 9 8 9 8 9 8 9 8 9 8 9 8 9 8 9 8 9 9 9 9 9 9 9 9 9 9 7 100 100 1 1 1 1 1 1 1 3 1 3 1 3 1 3 1 3 1 3 1 3 1 3 1 3 1 3 1 3 1 3 1 1 1 1 1 1 1 1 1 1 1 1 1 1 1 1 1 1 1 1 1 1 1 1 1 1 1 1 1 1 1 1 1 1 1 1 1 1 1 1 1 1 1 1 1 1 1 1 1 1 1 1 1 1 1 1 1 1 1 1 1 100 100 100 100 100 100 1 1 1 1 1 1 1 1 1 1 1 1 1 1 1 1 1 1 1 1 1 1 1 1 1 1 1 1 1 1 1 1 1 1 1 1 1 1 1 1 1 1 1 1 1 1 1 1 1 1 1 1 1 1 12 12 1 7 12 1 1 1 12 1 1 12 12 12 12 1 12 1 12 12 12 12 1 12 12 1 1 12 12 1 1 12 12 12 12 12 12 12 12 12 1 1 1 1 1 1 1 1 1 12 12 12 1 12 1 1 12 12 12 12 1 12 12 1 1 1 1 12 1 7 12 12 12 12 12 1 12 1 12 1 12 12 1 12 1 12 1 12 1 12 1 1 12 1 12 1 12 1 12 12 1 12 12 1 12 1 12 1 12 1 12 1 12 1 12 1 12 1 12 1 12 1 12 12 12 12 12 12 12 12 12 12 1 1 1 1 1 1 1 1 1 1 1 1 1 1 1 1 1 1 1 1 1 1 1 1 1 1
staticfield com/android/dx/rop/type/Type internTable Ljava/util/HashMap; java/util/HashMap
staticfield com/android/dx/rop/type/Type BOOLEAN Lcom/android/dx/rop/type/Type; com/android/dx/rop/type/Type
staticfield com/android/dx/rop/type/Type BYTE Lcom/android/dx/rop/type/Type; com/android/dx/rop/type/Type
staticfield com/android/dx/rop/type/Type CHAR Lcom/android/dx/rop/type/Type; com/android/dx/rop/type/Type
staticfield com/android/dx/rop/type/Type DOUBLE Lcom/android/dx/rop/type/Type; com/android/dx/rop/type/Type
staticfield com/android/dx/rop/type/Type FLOAT Lcom/android/dx/rop/type/Type; com/android/dx/rop/type/Type
staticfield com/android/dx/rop/type/Type INT Lcom/android/dx/rop/type/Type; com/android/dx/rop/type/Type
staticfield com/android/dx/rop/type/Type LONG Lcom/android/dx/rop/type/Type; com/android/dx/rop/type/Type
staticfield com/android/dx/rop/type/Type SHORT Lcom/android/dx/rop/type/Type; com/android/dx/rop/type/Type
staticfield com/android/dx/rop/type/Type VOID Lcom/android/dx/rop/type/Type; com/android/dx/rop/type/Type
staticfield com/android/dx/rop/type/Type KNOWN_NULL Lcom/android/dx/rop/type/Type; com/android/dx/rop/type/Type
staticfield com/android/dx/rop/type/Type RETURN_ADDRESS Lcom/android/dx/rop/type/Type; com/android/dx/rop/type/Type
staticfield com/android/dx/rop/type/Type ANNOTATION Lcom/android/dx/rop/type/Type; com/android/dx/rop/type/Type
staticfield com/android/dx/rop/type/Type CLASS Lcom/android/dx/rop/type/Type; com/android/dx/rop/type/Type
staticfield com/android/dx/rop/type/Type CLONEABLE Lcom/android/dx/rop/type/Type; com/android/dx/rop/type/Type
staticfield com/android/dx/rop/type/Type OBJECT Lcom/android/dx/rop/type/Type; com/android/dx/rop/type/Type
staticfield com/android/dx/rop/type/Type SERIALIZABLE Lcom/android/dx/rop/type/Type; com/android/dx/rop/type/Type
staticfield com/android/dx/rop/type/Type STRING Lcom/android/dx/rop/type/Type; com/android/dx/rop/type/Type
staticfield com/android/dx/rop/type/Type THROWABLE Lcom/android/dx/rop/type/Type; com/android/dx/rop/type/Type
staticfield com/android/dx/rop/type/Type BOOLEAN_CLASS Lcom/android/dx/rop/type/Type; com/android/dx/rop/type/Type
staticfield com/android/dx/rop/type/Type BYTE_CLASS Lcom/android/dx/rop/type/Type; com/android/dx/rop/type/Type
staticfield com/android/dx/rop/type/Type CHARACTER_CLASS Lcom/android/dx/rop/type/Type; com/android/dx/rop/type/Type
staticfield com/android/dx/rop/type/Type DOUBLE_CLASS Lcom/android/dx/rop/type/Type; com/android/dx/rop/type/Type
staticfield com/android/dx/rop/type/Type FLOAT_CLASS Lcom/android/dx/rop/type/Type; com/android/dx/rop/type/Type
staticfield com/android/dx/rop/type/Type INTEGER_CLASS Lcom/android/dx/rop/type/Type; com/android/dx/rop/type/Type
staticfield com/android/dx/rop/type/Type LONG_CLASS Lcom/android/dx/rop/type/Type; com/android/dx/rop/type/Type
staticfield com/android/dx/rop/type/Type SHORT_CLASS Lcom/android/dx/rop/type/Type; com/android/dx/rop/type/Type
staticfield com/android/dx/rop/type/Type VOID_CLASS Lcom/android/dx/rop/type/Type; com/android/dx/rop/type/Type
staticfield com/android/dx/rop/type/Type BOOLEAN_ARRAY Lcom/android/dx/rop/type/Type; com/android/dx/rop/type/Type
staticfield com/android/dx/rop/type/Type BYTE_ARRAY Lcom/android/dx/rop/type/Type; com/android/dx/rop/type/Type
staticfield com/android/dx/rop/type/Type CHAR_ARRAY Lcom/android/dx/rop/type/Type; com/android/dx/rop/type/Type
staticfield com/android/dx/rop/type/Type DOUBLE_ARRAY Lcom/android/dx/rop/type/Type; com/android/dx/rop/type/Type
staticfield com/android/dx/rop/type/Type FLOAT_ARRAY Lcom/android/dx/rop/type/Type; com/android/dx/rop/type/Type
staticfield com/android/dx/rop/type/Type INT_ARRAY Lcom/android/dx/rop/type/Type; com/android/dx/rop/type/Type
staticfield com/android/dx/rop/type/Type LONG_ARRAY Lcom/android/dx/rop/type/Type; com/android/dx/rop/type/Type
staticfield com/android/dx/rop/type/Type OBJECT_ARRAY Lcom/android/dx/rop/type/Type; com/android/dx/rop/type/Type
staticfield com/android/dx/rop/type/Type SHORT_ARRAY Lcom/android/dx/rop/type/Type; com/android/dx/rop/type/Type
ciInstanceKlass com/android/dx/rop/cst/CstEnumRef 1 1 56 7 10 10 10 9 8 10 10 7 10 10 7 7 1 1 1 1 1 1 1 1 1 1 1 1 1 1 1 1 1 1 1 1 1 7 12 12 12 12 1 12 12 1 12 1 1 1 1 1 1 1 1 1 1 1
ciInstanceKlass com/android/dx/rop/annotation/Annotations 1 1 176 7 10 10 10 10 10 7 10 9 10 10 10 11 11 11 7 10 100 10 8 10 8 10 8 10 10 10 100 8 10 10 10 100 8 10 10 10 8 10 10 9 7 100 1 1 1 1 1 1 1 1 1 1 1 1 1 1 1 1 1 1 1 1 1 1 1 1 1 1 1 1 1 1 1 1 1 1 1 1 1 1 100 1 1 1 1 1 1 1 100 100 1 1 1 1 1 100 1 1 1 1 1 1 1 1 1 1 1 1 12 12 12 12 1 12 12 12 12 7 12 7 12 12 1 12 1 1 12 1 12 1 12 12 12 1 1 12 12 12 1 1 100 12 1 7 12 12 12 1 1 1 1 1 1 1 1 1 1 1 1 1 1 1 1 1 1 1 1 1 1 1 1 1 1 1
staticfield com/android/dx/rop/annotation/Annotations EMPTY Lcom/android/dx/rop/annotation/Annotations; com/android/dx/rop/annotation/Annotations
ciInstanceKlass com/android/dx/command/dexer/Main$ClassTranslatorTask 1 1 61 10 10 9 9 9 10 10 7 7 100 1 1 1 1 1 1 1 1 1 1 1 1 1 1 1 1 1 1 1 1 1 100 100 1 1 1 1 1 1 1 1 1 1 12 12 12 12 12 7 12 12 1 1 1 1 1 1 1 1 1
ciInstanceKlass com/android/dx/command/dexer/Main$ClassDefItemConsumer 1 1 135 10 10 9 9 9 9 11 7 10 10 10 10 9 10 10 10 10 10 10 100 10 100 10 7 7 100 1 1 1 1 1 1 1 1 1 1 1 1 1 1 1 1 1 1 1 1 1 1 1 1 1 1 1 1 1 100 100 100 100 100 100 100 1 1 100 1 1 1 1 1 1 1 1 1 1 12 12 12 12 12 12 7 12 1 7 12 12 7 12 12 7 12 12 12 12 12 12 12 1 12 1 12 1 1 1 1 1 1 1 1 1 1 1 1 1 1 1 1 1 1 1 1 1 1 1 1 1 1 1 1 1 1 1 1
ciInstanceKlass com/android/dx/dex/cf/CfTranslator 1 1 587 7 10 10 100 7 10 8 10 10 10 10 9 9 10 10 10 7 9 100 10 7 10 10 10 10 10 10 10 10 10 10 10 11 11 7 7 10 7 10 7 10 7 10 10 11 11 11 10 11 10 11 7 10 10 10 10 10 11 10 10 11 10 8 11 10 10 10 7 10 10 10 10 10 100 8 10 8 10 10 11 11 11 10 11 10 10 10 10 10 7 9 10 9 10 10 10 10 8 11 10 9 10 10 9 10 10 10 10 10 10 10 3 3 10 7 10 10 10 10 10 10 10 10 11 100 10 10 10 10 100 1 1 1 1 3 1 1 1 1 1 1 1 1 1 1 1 1 1 1 1 1 1 1 1 1 1 1 1 1 100 1 1 1 1 1 1 1 1 1 1 1 1 1 1 1 1 1 1 1 1 1 100 100 100 100 100 100 100 100 100 100 100 100 100 1 1 1 1 1 1 1 1 1 1 1 1 1 1 1 100 100 100 100 100 1 1 1 1 1 100 1 1 1 1 1 1 1 1 1 1 1 1 1 1 1 1 1 1 1 1 1 1 1 1 1 1 1 1 1 1 1 100 100 100 100 100 100 100 100 100 100 100 100 1 1 1 1 1 1 1 100 1 1 1 1 1 12 12 1 1 1 12 7 12 12 100 12 7 12 12 7 12 12 12 1 12 1 12 1 12 12 12 7 12 7 12 12 7 12 12 12 12 12 7 12 1 1 7 12 1 12 1 7 12 1 12 12 7 12 7 12 12 12 12 1 12 12 12 12 12 12 12 12 12 7 12 1 12 7 7 12 12 1 12 7 12 7 12 7 12 7 12 1 1 12 1 12 12 7 12 7 12 12 12 12 12 1 12 12 7 12 7 12 12 7 12 12 1 12 12 12 7 12 12 100 12 7 12 7 12 12 100 12 12 12 1 12 12 12 12 12 12 7 12 1 100 12 12 12 1 1 1 1 1 1 1 1 1 1 1 1 1 1 1 1 1 1 1 1 1 1 1 1 1 1 1 1 1 1 1 1 1 1 1 1 1 1 1 1 1 1 1 1 1 1 1 1 1 1 1 1 1 1 1 1 1 1 1 1 1 1 1 1 1 1 1 1 1 1 1 1 1 1 1 1 1 1 1 1 1 1 1 1 1 1 1 1 1 1 1 1 1 1 1 1 1 1 1 1 1 1 1 1 1 1 1 1 1 1 1 1 1 1 1 1 1 1 1 1 1 1 1 1 1 1 1 1 1 1 1 1 1 1 1 1 1 1 1 1 1 1 1 1 1 1 1 1 1 1 1 1 1 1 1 1 1 1 1 1 1 1 1 1 1 1 1
ciInstanceKlass com/android/dx/dex/cf/OptimizerOptions 1 1 196 10 9 100 8 10 10 9 9 100 10 100 10 100 10 10 10 10 100 100 10 8 10 10 10 100 10 9 10 9 10 10 10 9 8 100 10 10 6 0 10 10 10 7 1 1 1 1 1 1 1 1 1 1 1 1 1 1 1 1 1 1 1 1 1 1 1 1 1 1 1 1 1 1 1 1 100 100 100 100 100 1 1 1 1 1 1 1 1 1 1 1 1 1 1 1 1 1 1 1 1 1 1 1 1 1 1 12 12 1 1 12 12 12 12 1 1 1 12 12 12 12 1 1 1 12 12 12 100 1 100 12 12 12 100 12 12 100 12 100 12 100 12 1 1 12 100 12 100 12 100 12 12 1 1 1 1 1 1 1 1 1 1 1 1 1 1 1 1 1 1 1 1 1 1 1 1 1 1 1 1 1 1 1 1 1 1 1 1 1 1 1 1 1 1 1
ciInstanceKlass com/android/dx/dex/file/ClassDefItem 1 1 420 10 100 8 10 8 9 9 9 11 7 10 9 9 7 10 9 9 7 10 9 9 100 10 10 10 10 10 10 10 10 10 10 100 10 10 10 10 10 11 10 10 10 10 10 100 10 10 10 10 10 10 11 8 10 8 10 8 8 8 8 10 8 11 10 8 10 8 8 8 11 9 10 10 10 10 10 10 10 10 10 10 10 10 10 10 8 10 8 10 8 10 8 8 10 10 10 8 7 7 1 1 1 1 1 1 1 1 1 1 1 1 1 1 1 1 1 1 1 1 1 1 1 1 100 100 100 100 100 1 1 1 1 1 1 1 1 1 1 1 1 1 1 1 1 1 1 1 100 100 100 100 1 1 1 1 1 1 1 1 1 1 1 1 1 1 1 1 100 100 100 1 1 1 1 1 1 1 1 1 1 1 1 1 1 1 1 1 1 1 1 1 1 1 1 1 1 1 1 1 1 1 1 1 1 1 1 1 1 1 1 1 1 1 1 1 1 1 1 1 100 100 100 1 1 12 1 1 12 1 12 12 12 7 12 1 12 12 12 1 12 12 12 1 12 100 12 1 100 12 12 12 12 12 100 12 12 12 100 12 12 1 12 12 100 12 12 100 12 12 100 12 12 12 1 12 12 12 100 12 12 12 1 100 12 1 100 12 1 1 1 1 12 1 12 100 1 100 1 1 1 12 100 12 12 12 12 12 12 12 12 12 12 12 12 100 12 100 12 100 12 1 100 12 1 12 1 12 1 1 12 12 12 1 1 1 1 1 1 1 1 1 1 1 1 1 1 1 1 1 1 1 1 1 1 1 1 1 1 1 1 1 1 1 1 1 1 1 1 1 1 1 1 1 1 1 1 1 1 1 1 1 1 1 1 1 1 1 1 1 1 1 1 1 1 1 1 1 1 1 1 1 1 1 1 1 1 1 1 1 1 1 1 1 1 1 1 1 1 1
ciInstanceKlass com/android/dx/dex/cf/AttributeTranslator 1 1 446 10 11 7 8 11 9 10 10 10 10 10 10 10 10 10 10 100 9 100 10 8 10 10 10 10 10 10 10 10 11 10 7 8 7 8 9 10 10 7 8 10 10 7 8 10 10 10 7 10 10 7 8 10 10 7 10 10 10 10 10 10 10 10 7 10 10 10 10 10 8 10 8 8 8 8 8 8 8 8 8 8 8 8 10 7 10 10 7 10 10 10 10 100 8 7 8 9 10 10 10 10 11 7 9 10 11 7 8 7 11 10 10 10 10 10 10 7 100 1 1 1 1 1 1 1 1 1 1 1 1 1 1 1 1 100 100 1 1 1 1 1 1 100 100 1 1 1 1 1 1 1 1 1 1 1 1 1 100 100 100 100 1 1 1 1 100 1 1 1 1 1 100 100 1 1 1 100 1 1 1 1 1 100 100 1 1 1 7 1 1 1 1 1 1 1 1 1 1 1 1 1 1 1 1 1 1 1 1 1 1 100 100 100 100 100 1 1 1 1 100 100 1 1 1 1 1 1 1 1 1 1 1 100 1 1 12 7 12 1 1 7 12 12 12 12 12 12 7 12 12 12 12 12 1 100 12 1 1 12 12 12 100 12 12 7 12 12 12 7 12 7 12 1 1 1 1 12 12 1 1 12 12 1 1 12 12 12 1 12 12 1 12 7 1 12 12 7 12 12 12 12 1 12 12 12 1 12 1 1 1 1 1 1 1 1 1 1 1 1 12 1 12 12 1 12 12 12 1 1 1 1 7 12 12 12 12 7 1 7 12 12 12 1 1 1 12 7 12 12 12 12 12 1 1 1 1 1 1 1 1 1 1 1 1 1 1 1 1 1 1 1 1 1 1 1 1 1 1 1 1 1 1 1 1 1 1 1 1 1 1 1 1 1 1 1 1 1 1 1 1 1 1 1 1 1 1 1 1 1 1 1 1 1 1 1 1 1 1 1 1 1 1 1 1 1 1 1 1 1 1 1 1 1 1 1 1 1 1 1 1 1 1 1 1 1
ciInstanceKlass com/android/dx/dex/file/FieldIdItem 1 1 71 10 9 10 10 10 10 10 10 100 10 8 100 7 1 1 1 1 1 1 1 1 1 1 1 1 1 1 1 1 1 1 1 1 1 1 1 1 1 12 100 12 12 100 12 12 12 100 12 12 1 12 1 1 1 1 1 1 1 1 1 1 1 1 1 1 1 1 1 1 1
ciInstanceKlass com/android/dx/dex/file/MethodIdItem 1 1 71 10 9 10 10 10 10 10 10 100 10 8 100 7 1 1 1 1 1 1 1 1 1 1 1 1 1 1 1 1 1 1 1 1 1 1 1 1 1 12 100 12 12 100 12 12 12 100 12 12 1 12 1 1 1 1 1 1 1 1 1 1 1 1 1 1 1 1 1 1 1
compile java/util/concurrent/AbstractExecutorService submit (Ljava/util/concurrent/Callable;)Ljava/util/concurrent/Future; -1 4 inline 187 0 -1 java/util/concurrent/AbstractExecutorService submit (Ljava/util/concurrent/Callable;)Ljava/util/concurrent/Future; 1 14 java/util/concurrent/AbstractExecutorService newTaskFor (Ljava/util/concurrent/Callable;)Ljava/util/concurrent/RunnableFuture; 2 5 java/util/concurrent/FutureTask <init> (Ljava/util/concurrent/Callable;)V 3 1 java/lang/Object <init> ()V 1 20 java/util/concurrent/ThreadPoolExecutor execute (Ljava/lang/Runnable;)V 2 16 java/util/concurrent/atomic/AtomicInteger get ()I 2 21 java/util/concurrent/ThreadPoolExecutor workerCountOf (I)I 2 50 java/util/concurrent/ThreadPoolExecutor isRunning (I)Z 2 61 java/util/concurrent/LinkedBlockingQueue offer (Ljava/lang/Object;)Z 3 18 java/util/concurrent/atomic/AtomicInteger get ()I 3 37 java/util/concurrent/LinkedBlockingQueue$Node <init> (Ljava/lang/Object;)V 4 1 java/lang/Object <init> ()V 3 50 java/util/concurrent/locks/ReentrantLock lock ()V 4 4 java/util/concurrent/locks/ReentrantLock$NonfairSync lock ()V 5 3 java/util/concurrent/locks/AbstractQueuedSynchronizer compareAndSetState (II)Z 5 13 java/util/concurrent/locks/AbstractOwnableSynchronizer setExclusiveOwnerThread (Ljava/lang/Thread;)V 5 21 java/util/concurrent/locks/AbstractQueuedSynchronizer acquire (I)V 6 2 java/util/concurrent/locks/ReentrantLock$NonfairSync tryAcquire (I)Z 7 2 java/util/concurrent/locks/ReentrantLock$Sync nonfairTryAcquire (I)Z 8 5 java/util/concurrent/locks/AbstractQueuedSynchronizer getState ()I 8 16 java/util/concurrent/locks/AbstractQueuedSynchronizer compareAndSetState (II)Z 8 24 java/util/concurrent/locks/AbstractOwnableSynchronizer setExclusiveOwnerThread (Ljava/lang/Thread;)V 4 4 java/util/concurrent/locks/ReentrantLock$FairSync lock ()V 5 2 java/util/concurrent/locks/AbstractQueuedSynchronizer acquire (I)V 6 2 java/util/concurrent/locks/ReentrantLock$FairSync tryAcquire (I)Z 7 5 java/util/concurrent/locks/AbstractQueuedSynchronizer getState ()I 7 14 java/util/concurrent/locks/AbstractQueuedSynchronizer hasQueuedPredecessors ()Z 7 23 java/util/concurrent/locks/AbstractQueuedSynchronizer compareAndSetState (II)Z 7 31 java/util/concurrent/locks/AbstractOwnableSynchronizer setExclusiveOwnerThread (Ljava/lang/Thread;)V 7 38 java/util/concurrent/locks/AbstractOwnableSynchronizer getExclusiveOwnerThread ()Ljava/lang/Thread; 7 67 java/util/concurrent/locks/AbstractQueuedSynchronizer setState (I)V 3 54 java/util/concurrent/atomic/AtomicInteger get ()I 3 67 java/util/concurrent/LinkedBlockingQueue enqueue (Ljava/util/concurrent/LinkedBlockingQueue$Node;)V 3 71 java/util/concurrent/atomic/AtomicInteger getAndIncrement ()I 3 89 java/util/concurrent/locks/AbstractQueuedSynchronizer$ConditionObject signal ()V 4 4 java/util/concurrent/locks/ReentrantLock$Sync isHeldExclusively ()Z 5 1 java/util/concurrent/locks/AbstractOwnableSynchronizer getExclusiveOwnerThread ()Ljava/lang/Thread; 4 29 java/util/concurrent/locks/AbstractQueuedSynchronizer$ConditionObject doSignal (Ljava/util/concurrent/locks/AbstractQueuedSynchronizer$Node;)V 3 96 java/util/concurrent/locks/ReentrantLock unlock ()V 4 5 java/util/concurrent/locks/AbstractQueuedSynchronizer release (I)Z 5 2 java/util/concurrent/locks/ReentrantLock$Sync tryRelease (I)Z 6 1 java/util/concurrent/locks/AbstractQueuedSynchronizer getState ()I 6 11 java/util/concurrent/locks/AbstractOwnableSynchronizer getExclusiveOwnerThread ()Ljava/lang/Thread; 6 35 java/util/concurrent/locks/AbstractOwnableSynchronizer setExclusiveOwnerThread (Ljava/lang/Thread;)V 6 40 java/util/concurrent/locks/AbstractQueuedSynchronizer setState (I)V 5 26 java/util/concurrent/locks/AbstractQueuedSynchronizer unparkSuccessor (Ljava/util/concurrent/locks/AbstractQueuedSynchronizer$Node;)V 6 12 java/util/concurrent/locks/AbstractQueuedSynchronizer compareAndSetWaitStatus (Ljava/util/concurrent/locks/AbstractQueuedSynchronizer$Node;II)Z 6 80 java/util/concurrent/locks/LockSupport unpark (Ljava/lang/Thread;)V 3 117 java/util/concurrent/LinkedBlockingQueue signalNotEmpty ()V 4 6 java/util/concurrent/locks/ReentrantLock lock ()V 5 4 java/util/concurrent/locks/ReentrantLock$NonfairSync lock ()V 6 3 java/util/concurrent/locks/AbstractQueuedSynchronizer compareAndSetState (II)Z 6 13 java/util/concurrent/locks/AbstractOwnableSynchronizer setExclusiveOwnerThread (Ljava/lang/Thread;)V 6 21 java/util/concurrent/locks/AbstractQueuedSynchronizer acquire (I)V 7 2 java/util/concurrent/locks/ReentrantLock$NonfairSync tryAcquire (I)Z 8 2 java/util/concurrent/locks/ReentrantLock$Sync nonfairTryAcquire (I)Z 9 5 java/util/concurrent/locks/AbstractQueuedSynchronizer getState ()I 9 16 java/util/concurrent/locks/AbstractQueuedSynchronizer compareAndSetState (II)Z 9 24 java/util/concurrent/locks/AbstractOwnableSynchronizer setExclusiveOwnerThread (Ljava/lang/Thread;)V 5 4 java/util/concurrent/locks/ReentrantLock$FairSync lock ()V 6 2 java/util/concurrent/locks/AbstractQueuedSynchronizer acquire (I)V 7 2 java/util/concurrent/locks/ReentrantLock$FairSync tryAcquire (I)Z 8 5 java/util/concurrent/locks/AbstractQueuedSynchronizer getState ()I 8 14 java/util/concurrent/locks/AbstractQueuedSynchronizer hasQueuedPredecessors ()Z 8 23 java/util/concurrent/locks/AbstractQueuedSynchronizer compareAndSetState (II)Z 8 31 java/util/concurrent/locks/AbstractOwnableSynchronizer setExclusiveOwnerThread (Ljava/lang/Thread;)V 8 38 java/util/concurrent/locks/AbstractOwnableSynchronizer getExclusiveOwnerThread ()Ljava/lang/Thread; 8 67 java/util/concurrent/locks/AbstractQueuedSynchronizer setState (I)V 4 19 java/util/concurrent/locks/ReentrantLock unlock ()V 5 5 java/util/concurrent/locks/AbstractQueuedSynchronizer release (I)Z 6 2 java/util/concurrent/locks/ReentrantLock$Sync tryRelease (I)Z 7 1 java/util/concurrent/locks/AbstractQueuedSynchronizer getState ()I 7 11 java/util/concurrent/locks/AbstractOwnableSynchronizer getExclusiveOwnerThread ()Ljava/lang/Thread; 7 35 java/util/concurrent/locks/AbstractOwnableSynchronizer setExclusiveOwnerThread (Ljava/lang/Thread;)V 7 40 java/util/concurrent/locks/AbstractQueuedSynchronizer setState (I)V 6 26 java/util/concurrent/locks/AbstractQueuedSynchronizer unparkSuccessor (Ljava/util/concurrent/locks/AbstractQueuedSynchronizer$Node;)V 7 12 java/util/concurrent/locks/AbstractQueuedSynchronizer compareAndSetWaitStatus (Ljava/util/concurrent/locks/AbstractQueuedSynchronizer$Node;II)Z 7 80 java/util/concurrent/locks/LockSupport unpark (Ljava/lang/Thread;)V 4 27 java/util/concurrent/locks/ReentrantLock unlock ()V 5 5 java/util/concurrent/locks/AbstractQueuedSynchronizer release (I)Z 6 2 java/util/concurrent/locks/ReentrantLock$Sync tryRelease (I)Z 7 1 java/util/concurrent/locks/AbstractQueuedSynchronizer getState ()I 7 11 java/util/concurrent/locks/AbstractOwnableSynchronizer getExclusiveOwnerThread ()Ljava/lang/Thread; 7 35 java/util/concurrent/locks/AbstractOwnableSynchronizer setExclusiveOwnerThread (Ljava/lang/Thread;)V 7 40 java/util/concurrent/locks/AbstractQueuedSynchronizer setState (I)V 6 26 java/util/concurrent/locks/AbstractQueuedSynchronizer unparkSuccessor (Ljava/util/concurrent/locks/AbstractQueuedSynchronizer$Node;)V 7 12 java/util/concurrent/locks/AbstractQueuedSynchronizer compareAndSetWaitStatus (Ljava/util/concurrent/locks/AbstractQueuedSynchronizer$Node;II)Z 7 80 java/util/concurrent/locks/LockSupport unpark (Ljava/lang/Thread;)V 2 61 java/util/concurrent/ArrayBlockingQueue offer (Ljava/lang/Object;)Z 3 1 java/util/concurrent/ArrayBlockingQueue checkNotNull (Ljava/lang/Object;)V 3 10 java/util/concurrent/locks/ReentrantLock lock ()V 4 4 java/util/concurrent/locks/ReentrantLock$NonfairSync lock ()V 5 3 java/util/concurrent/locks/AbstractQueuedSynchronizer compareAndSetState (II)Z 5 13 java/util/concurrent/locks/AbstractOwnableSynchronizer setExclusiveOwnerThread (Ljava/lang/Thread;)V 5 21 java/util/concurrent/locks/AbstractQueuedSynchronizer acquire (I)V 6 2 java/util/concurrent/locks/ReentrantLock$NonfairSync tryAcquire (I)Z 7 2 java/util/concurrent/locks/ReentrantLock$Sync nonfairTryAcquire (I)Z 8 5 java/util/concurrent/locks/AbstractQueuedSynchronizer getState ()I 8 16 java/util/concurrent/locks/AbstractQueuedSynchronizer compareAndSetState (II)Z 8 24 java/util/concurrent/locks/AbstractOwnableSynchronizer setExclusiveOwnerThread (Ljava/lang/Thread;)V 4 4 java/util/concurrent/locks/ReentrantLock$FairSync lock ()V 5 2 java/util/concurrent/locks/AbstractQueuedSynchronizer acquire (I)V 6 2 java/util/concurrent/locks/ReentrantLock$FairSync tryAcquire (I)Z 7 5 java/util/concurrent/locks/AbstractQueuedSynchronizer getState ()I 7 14 java/util/concurrent/locks/AbstractQueuedSynchronizer hasQueuedPredecessors ()Z 7 23 java/util/concurrent/locks/AbstractQueuedSynchronizer compareAndSetState (II)Z 7 31 java/util/concurrent/locks/AbstractOwnableSynchronizer setExclusiveOwnerThread (Ljava/lang/Thread;)V 7 38 java/util/concurrent/locks/AbstractOwnableSynchronizer getExclusiveOwnerThread ()Ljava/lang/Thread; 7 67 java/util/concurrent/locks/AbstractQueuedSynchronizer setState (I)V 3 28 java/util/concurrent/locks/ReentrantLock unlock ()V 4 5 java/util/concurrent/locks/AbstractQueuedSynchronizer release (I)Z 5 2 java/util/concurrent/locks/ReentrantLock$Sync tryRelease (I)Z 6 1 java/util/concurrent/locks/AbstractQueuedSynchronizer getState ()I 6 11 java/util/concurrent/locks/AbstractOwnableSynchronizer getExclusiveOwnerThread ()Ljava/lang/Thread; 6 35 java/util/concurrent/locks/AbstractOwnableSynchronizer setExclusiveOwnerThread (Ljava/lang/Thread;)V 6 40 java/util/concurrent/locks/AbstractQueuedSynchronizer setState (I)V 5 26 java/util/concurrent/locks/AbstractQueuedSynchronizer unparkSuccessor (Ljava/util/concurrent/locks/AbstractQueuedSynchronizer$Node;)V 6 12 java/util/concurrent/locks/AbstractQueuedSynchronizer compareAndSetWaitStatus (Ljava/util/concurrent/locks/AbstractQueuedSynchronizer$Node;II)Z 6 80 java/util/concurrent/locks/LockSupport unpark (Ljava/lang/Thread;)V 3 35 java/util/concurrent/ArrayBlockingQueue enqueue (Ljava/lang/Object;)V 3 41 java/util/concurrent/locks/ReentrantLock unlock ()V 4 5 java/util/concurrent/locks/AbstractQueuedSynchronizer release (I)Z 5 2 java/util/concurrent/locks/ReentrantLock$Sync tryRelease (I)Z 6 1 java/util/concurrent/locks/AbstractQueuedSynchronizer getState ()I 6 11 java/util/concurrent/locks/AbstractOwnableSynchronizer getExclusiveOwnerThread ()Ljava/lang/Thread; 6 35 java/util/concurrent/locks/AbstractOwnableSynchronizer setExclusiveOwnerThread (Ljava/lang/Thread;)V 6 40 java/util/concurrent/locks/AbstractQueuedSynchronizer setState (I)V 5 26 java/util/concurrent/locks/AbstractQueuedSynchronizer unparkSuccessor (Ljava/util/concurrent/locks/AbstractQueuedSynchronizer$Node;)V 6 12 java/util/concurrent/locks/AbstractQueuedSynchronizer compareAndSetWaitStatus (Ljava/util/concurrent/locks/AbstractQueuedSynchronizer$Node;II)Z 6 80 java/util/concurrent/locks/LockSupport unpark (Ljava/lang/Thread;)V 2 73 java/util/concurrent/atomic/AtomicInteger get ()I 2 78 java/util/concurrent/ThreadPoolExecutor isRunning (I)Z 2 101 java/util/concurrent/ThreadPoolExecutor workerCountOf (I)I 2 120 java/util/concurrent/ThreadPoolExecutor addWorker (Ljava/lang/Runnable;Z)Z 3 4 java/util/concurrent/atomic/AtomicInteger get ()I 3 9 java/util/concurrent/ThreadPoolExecutor runStateOf (I)I 3 43 java/util/concurrent/ThreadPoolExecutor workerCountOf (I)I 2 128 java/util/concurrent/ThreadPoolExecutor reject (Ljava/lang/Runnable;)V 3 6 java/util/concurrent/ThreadPoolExecutor$CallerRunsPolicy rejectedExecution (Ljava/lang/Runnable;Ljava/util/concurrent/ThreadPoolExecutor;)V 4 1 java/util/concurrent/ThreadPoolExecutor isShutdown ()Z 5 4 java/util/concurrent/atomic/AtomicInteger get ()I 5 7 java/util/concurrent/ThreadPoolExecutor isRunning (I)Z 4 8 java/util/concurrent/FutureTask run ()V 5 42 com/android/dx/command/dexer/Main$ClassTranslatorTask call ()Ljava/lang/Object; 6 1 com/android/dx/command/dexer/Main$ClassTranslatorTask call ()Lcom/android/dx/dex/file/ClassDefItem; 7 8 com/android/dx/command/dexer/Main access$2700 ([BLcom/android/dx/cf/direct/DirectClassFile;)Lcom/android/dx/dex/file/ClassDefItem; 8 2 com/android/dx/command/dexer/Main translateClass ([BLcom/android/dx/cf/direct/DirectClassFile;)Lcom/android/dx/dex/file/ClassDefItem; 9 17 com/android/dx/dex/cf/CfTranslator translate (Lcom/android/dx/cf/direct/DirectClassFile;[BLcom/android/dx/dex/cf/CfOptions;Lcom/android/dx/dex/DexOptions;Lcom/android/dx/dex/file/DexFile;)Lcom/android/dx/dex/file/ClassDefItem; 10 25 com/android/dx/cf/direct/DirectClassFile getFilePath ()Ljava/lang/String; 5 42 com/android/dx/command/dexer/Main$ClassDefItemConsumer call ()Ljava/lang/Object; 6 1 com/android/dx/command/dexer/Main$ClassDefItemConsumer call ()Ljava/lang/Boolean; 7 4 java/util/concurrent/FutureTask get ()Ljava/lang/Object; 8 13 java/util/concurrent/FutureTask awaitDone (ZJ)I 9 21 java/lang/Thread interrupted ()Z 9 88 java/util/concurrent/FutureTask$WaitNode <init> ()V 10 1 java/lang/Object <init> ()V 9 165 java/util/concurrent/locks/LockSupport park (Ljava/lang/Object;)V 10 6 java/util/concurrent/locks/LockSupport setBlocker (Ljava/lang/Thread;Ljava/lang/Object;)V 10 19 java/util/concurrent/locks/LockSupport setBlocker (Ljava/lang/Thread;Ljava/lang/Object;)V 8 19 java/util/concurrent/FutureTask report (I)Ljava/lang/Object; 7 18 com/android/dx/command/dexer/Main access$2800 (Lcom/android/dx/dex/file/ClassDefItem;)Z 8 1 com/android/dx/command/dexer/Main addClassToDex (Lcom/android/dx/dex/file/ClassDefItem;)Z 9 10 com/android/dx/dex/file/DexFile add (Lcom/android/dx/dex/file/ClassDefItem;)V 10 5 com/android/dx/dex/file/ClassDefsSection add (Lcom/android/dx/dex/file/ClassDefItem;)V 11 1 com/android/dx/dex/file/ClassDefItem getThisClass ()Lcom/android/dx/rop/cst/CstType; 11 4 com/android/dx/rop/cst/CstType getClassType ()Lcom/android/dx/rop/type/Type; 7 23 com/android/dx/command/dexer/Main access$2900 (Z)V 8 1 com/android/dx/command/dexer/Main updateStatus (Z)V 7 27 java/lang/Boolean valueOf (Z)Ljava/lang/Boolean; 7 31 com/android/dx/command/dexer/Main access$1300 ()Lcom/android/dx/command/dexer/Main$Arguments; 7 40 com/android/dx/command/dexer/Main access$1600 ()Ljava/lang/Object; 7 46 com/android/dx/command/dexer/Main access$1800 ()I 7 54 com/android/dx/command/dexer/Main access$1802 (I)I 7 58 com/android/dx/command/dexer/Main access$2000 ()I 7 66 com/android/dx/command/dexer/Main access$2002 (I)I 7 70 com/android/dx/command/dexer/Main access$1600 ()Ljava/lang/Object; 7 114 com/android/dx/command/dexer/Main access$1300 ()Lcom/android/dx/command/dexer/Main$Arguments; 7 123 com/android/dx/command/dexer/Main access$1600 ()Ljava/lang/Object; 7 130 com/android/dx/command/dexer/Main access$1800 ()I 7 138 com/android/dx/command/dexer/Main access$1802 (I)I 7 142 com/android/dx/command/dexer/Main access$2000 ()I 7 150 com/android/dx/command/dexer/Main access$2002 (I)I 7 154 com/android/dx/command/dexer/Main access$1600 ()Ljava/lang/Object; 5 71 java/util/concurrent/FutureTask set (Ljava/lang/Object;)V 6 32 java/util/concurrent/FutureTask finishCompletion ()V 7 39 java/util/concurrent/locks/LockSupport unpark (Ljava/lang/Thread;)V 7 65 java/util/concurrent/FutureTask done ()V
